point,Serving,match_id,Pt,Set1,Set2,Gm1,Gm2,Pts,Gm#,TbSet,TB?,TBpt,Svr,Ret,1st,2nd,Notes,1stSV,2ndSV,1stIn,2ndIn,isAce,isUnret,isRallyWinner,isForced,isUnforced,isDouble,PtWinner,isSvrWinner,rallyCount,Player 1,Player 2,Pl 1 hand,Pl 2 hand,Gender,Date,Tournament,Round,Time,Court,Surface,Umpire,Best of,Final TB?,Charted by
4f2d@,ND,20210912-M-US_Open-F-Novak_Djokovic-Daniil_Medvedev,1,0,0,0,0,0-0,1 (1),1,0,NA,1,2,6n,4f2d@,NA,0,0,0,1,FALSE,FALSE,FALSE,FALSE,TRUE,FALSE,1,1,1,Novak Djokovic,Daniil Medvedev,R,R,M,20210912,US Open,FALSE,4pm,Ashe,Hard,Damien Dumusois,5,1,Edo
6d,ND,20210912-M-US_Open-F-Novak_Djokovic-Daniil_Medvedev,2,0,0,0,0,15-0,1 (2),1,0,NA,1,2,4d,6d,NA,0,0,0,0,FALSE,FALSE,FALSE,FALSE,FALSE,TRUE,2,0,0,Novak Djokovic,Daniil Medvedev,R,R,M,20210912,US Open,FALSE,4pm,Ashe,Hard,Damien Dumusois,5,1,Edo
6b29f3b3b2f3b1f1f3b3b3bd@,ND,20210912-M-US_Open-F-Novak_Djokovic-Daniil_Medvedev,3,0,0,0,0,15-15,1 (3),1,0,NA,1,2,6b29f3b3b2f3b1f1f3b3b3bd@,NA,NA,0,NA,1,NA,FALSE,FALSE,FALSE,FALSE,TRUE,FALSE,1,1,11,Novak Djokovic,Daniil Medvedev,R,R,M,20210912,US Open,FALSE,4pm,Ashe,Hard,Damien Dumusois,5,1,Edo
4b28f1f2f+3s2v1*,ND,20210912-M-US_Open-F-Novak_Djokovic-Daniil_Medvedev,4,0,0,0,0,30-15,1 (4),1,0,NA,1,2,4b28f1f2f+3s2v1*,NA,NA,0,NA,1,NA,FALSE,FALSE,TRUE,FALSE,FALSE,FALSE,1,1,7,Novak Djokovic,Daniil Medvedev,R,R,M,20210912,US Open,FALSE,4pm,Ashe,Hard,Damien Dumusois,5,1,Edo
5b37b3b3b2f2b2f2f2b3b2b3b3d@,ND,20210912-M-US_Open-F-Novak_Djokovic-Daniil_Medvedev,5,0,0,0,0,40-15,1 (5),1,0,NA,1,2,6w,5b37b3b3b2f2b2f2f2b3b2b3b3d@,NA,0,0,0,1,FALSE,FALSE,FALSE,FALSE,TRUE,FALSE,2,0,12,Novak Djokovic,Daniil Medvedev,R,R,M,20210912,US Open,FALSE,4pm,Ashe,Hard,Damien Dumusois,5,1,Edo
6f28f1f1f3b2f1f1f2b2s2s3b1f3b3b3b2f1f1d#,ND,20210912-M-US_Open-F-Novak_Djokovic-Daniil_Medvedev,6,0,0,0,0,40-30,1 (6),1,0,NA,1,2,6f28f1f1f3b2f1f1f2b2s2s3b1f3b3b3b2f1f1d#,NA,NA,0,NA,1,NA,FALSE,FALSE,FALSE,TRUE,FALSE,FALSE,2,0,18,Novak Djokovic,Daniil Medvedev,R,R,M,20210912,US Open,FALSE,4pm,Ashe,Hard,Damien Dumusois,5,1,Edo
4f18f1f2b3b2f1w@,ND,20210912-M-US_Open-F-Novak_Djokovic-Daniil_Medvedev,7,0,0,0,0,40-40,1 (7),1,0,NA,1,2,6n,4f18f1f2b3b2f1w@,NA,0,0,0,1,FALSE,FALSE,FALSE,FALSE,TRUE,FALSE,2,0,6,Novak Djokovic,Daniil Medvedev,R,R,M,20210912,US Open,FALSE,4pm,Ashe,Hard,Damien Dumusois,5,1,Edo
5b28f1f2f3w@,ND,20210912-M-US_Open-F-Novak_Djokovic-Daniil_Medvedev,8,0,0,0,0,40-AD,1 (8),1,0,NA,1,2,6n,5b28f1f2f3w@,NA,0,0,0,1,FALSE,FALSE,FALSE,FALSE,TRUE,FALSE,2,0,4,Novak Djokovic,Daniil Medvedev,R,R,M,20210912,US Open,FALSE,4pm,Ashe,Hard,Damien Dumusois,5,1,Edo
6s28f3*,DM,20210912-M-US_Open-F-Novak_Djokovic-Daniil_Medvedev,9,0,0,0,1,0-0,2 (1),1,0,NA,2,1,6s28f3*,NA,NA,0,NA,1,NA,FALSE,FALSE,TRUE,FALSE,FALSE,FALSE,2,1,3,Novak Djokovic,Daniil Medvedev,R,R,M,20210912,US Open,FALSE,4pm,Ashe,Hard,Damien Dumusois,5,1,Edo
6*,DM,20210912-M-US_Open-F-Novak_Djokovic-Daniil_Medvedev,10,0,0,0,1,15-0,2 (2),1,0,NA,2,1,6n,6*,NA,0,0,0,1,TRUE,FALSE,FALSE,FALSE,FALSE,FALSE,2,1,1,Novak Djokovic,Daniil Medvedev,R,R,M,20210912,US Open,FALSE,4pm,Ashe,Hard,Damien Dumusois,5,1,Edo
6*,DM,20210912-M-US_Open-F-Novak_Djokovic-Daniil_Medvedev,11,0,0,0,1,30-0,2 (3),1,0,NA,2,1,6*,NA,NA,0,NA,1,NA,TRUE,FALSE,FALSE,FALSE,FALSE,FALSE,2,1,1,Novak Djokovic,Daniil Medvedev,R,R,M,20210912,US Open,FALSE,4pm,Ashe,Hard,Damien Dumusois,5,1,Edo
4b37s2n#,DM,20210912-M-US_Open-F-Novak_Djokovic-Daniil_Medvedev,12,0,0,0,1,40-0,2 (4),1,0,NA,2,1,4n,4b37s2n#,NA,0,0,0,1,FALSE,FALSE,FALSE,TRUE,FALSE,FALSE,1,0,2,Novak Djokovic,Daniil Medvedev,R,R,M,20210912,US Open,FALSE,4pm,Ashe,Hard,Damien Dumusois,5,1,Edo
6b27f2f2b2f3s3f3b3f3b3b3b3b1d@,DM,20210912-M-US_Open-F-Novak_Djokovic-Daniil_Medvedev,13,0,0,0,1,40-15,2 (5),1,0,NA,2,1,4d,6b27f2f2b2f3s3f3b3f3b3b3b3b1d@,NA,0,0,0,1,FALSE,FALSE,FALSE,FALSE,TRUE,FALSE,2,1,13,Novak Djokovic,Daniil Medvedev,R,R,M,20210912,US Open,FALSE,4pm,Ashe,Hard,Damien Dumusois,5,1,Edo
6b38y1n@,ND,20210912-M-US_Open-F-Novak_Djokovic-Daniil_Medvedev,14,0,0,0,2,0-0,3 (1),1,0,NA,1,2,6b38y1n@,NA,NA,0,NA,1,NA,FALSE,FALSE,FALSE,FALSE,TRUE,FALSE,2,0,2,Novak Djokovic,Daniil Medvedev,R,R,M,20210912,US Open,FALSE,4pm,Ashe,Hard,Damien Dumusois,5,1,Edo
4n,ND,20210912-M-US_Open-F-Novak_Djokovic-Daniil_Medvedev,15,0,0,0,2,0-15,3 (2),1,0,NA,1,2,4n,4n,NA,0,0,0,0,FALSE,FALSE,FALSE,FALSE,FALSE,TRUE,2,0,0,Novak Djokovic,Daniil Medvedev,R,R,M,20210912,US Open,FALSE,4pm,Ashe,Hard,Damien Dumusois,5,1,Edo
5b28f1f2b3b3s3b2n@,ND,20210912-M-US_Open-F-Novak_Djokovic-Daniil_Medvedev,16,0,0,0,2,0-30,3 (3),1,0,NA,1,2,6d,5b28f1f2b3b3s3b2n@,NA,0,0,0,1,FALSE,FALSE,FALSE,FALSE,TRUE,FALSE,1,1,7,Novak Djokovic,Daniil Medvedev,R,R,M,20210912,US Open,FALSE,4pm,Ashe,Hard,Damien Dumusois,5,1,Edo
6f38b3b3b3b3f1n@,ND,20210912-M-US_Open-F-Novak_Djokovic-Daniil_Medvedev,17,0,0,0,2,15-30,3 (4),1,0,NA,1,2,6n,6f38b3b3b3b3f1n@,NA,0,0,0,1,FALSE,FALSE,FALSE,FALSE,TRUE,FALSE,2,0,6,Novak Djokovic,Daniil Medvedev,R,R,M,20210912,US Open,FALSE,4pm,Ashe,Hard,Damien Dumusois,5,1,Edo
4f38b3*,ND,20210912-M-US_Open-F-Novak_Djokovic-Daniil_Medvedev,18,0,0,0,2,15-40,3 (5),1,0,NA,1,2,4f38b3*,NA,NA,0,NA,1,NA,FALSE,FALSE,TRUE,FALSE,FALSE,FALSE,1,1,3,Novak Djokovic,Daniil Medvedev,R,R,M,20210912,US Open,FALSE,4pm,Ashe,Hard,Damien Dumusois,5,1,Edo
6f28f+3m2o3*,ND,20210912-M-US_Open-F-Novak_Djokovic-Daniil_Medvedev,19,0,0,0,2,30-40,3 (6),1,0,NA,1,2,6f28f+3m2o3*,NA,NA,0,NA,1,NA,FALSE,FALSE,TRUE,FALSE,FALSE,FALSE,1,1,5,Novak Djokovic,Daniil Medvedev,R,R,M,20210912,US Open,FALSE,4pm,Ashe,Hard,Damien Dumusois,5,1,Edo
6*,ND,20210912-M-US_Open-F-Novak_Djokovic-Daniil_Medvedev,20,0,0,0,2,40-40,3 (7),1,0,NA,1,2,6*,NA,NA,0,NA,1,NA,TRUE,FALSE,FALSE,FALSE,FALSE,FALSE,1,1,1,Novak Djokovic,Daniil Medvedev,R,R,M,20210912,US Open,FALSE,4pm,Ashe,Hard,Damien Dumusois,5,1,Edo
6*,ND,20210912-M-US_Open-F-Novak_Djokovic-Daniil_Medvedev,21,0,0,0,2,AD-40,3 (8),1,0,NA,1,2,6*,NA,NA,0,NA,1,NA,TRUE,FALSE,FALSE,FALSE,FALSE,FALSE,1,1,1,Novak Djokovic,Daniil Medvedev,R,R,M,20210912,US Open,FALSE,4pm,Ashe,Hard,Damien Dumusois,5,1,Edo
4*,DM,20210912-M-US_Open-F-Novak_Djokovic-Daniil_Medvedev,22,0,0,1,2,0-0,4 (1),1,0,NA,2,1,4*,NA,NA,0,NA,1,NA,TRUE,FALSE,FALSE,FALSE,FALSE,FALSE,2,1,1,Novak Djokovic,Daniil Medvedev,R,R,M,20210912,US Open,FALSE,4pm,Ashe,Hard,Damien Dumusois,5,1,Edo
6*,DM,20210912-M-US_Open-F-Novak_Djokovic-Daniil_Medvedev,23,0,0,1,2,15-0,4 (2),1,0,NA,2,1,6*,NA,NA,0,NA,1,NA,TRUE,FALSE,FALSE,FALSE,FALSE,FALSE,2,1,1,Novak Djokovic,Daniil Medvedev,R,R,M,20210912,US Open,FALSE,4pm,Ashe,Hard,Damien Dumusois,5,1,Edo
6s#,DM,20210912-M-US_Open-F-Novak_Djokovic-Daniil_Medvedev,24,0,0,1,2,30-0,4 (3),1,0,NA,2,1,6s#,NA,NA,0,NA,1,NA,FALSE,FALSE,FALSE,TRUE,FALSE,FALSE,2,1,1,Novak Djokovic,Daniil Medvedev,R,R,M,20210912,US Open,FALSE,4pm,Ashe,Hard,Damien Dumusois,5,1,Edo
4s37f1*,DM,20210912-M-US_Open-F-Novak_Djokovic-Daniil_Medvedev,25,0,0,1,2,40-0,4 (4),1,0,NA,2,1,4s37f1*,NA,NA,0,NA,1,NA,FALSE,FALSE,TRUE,FALSE,FALSE,FALSE,2,1,3,Novak Djokovic,Daniil Medvedev,R,R,M,20210912,US Open,FALSE,4pm,Ashe,Hard,Damien Dumusois,5,1,Edo
6b1d#,ND,20210912-M-US_Open-F-Novak_Djokovic-Daniil_Medvedev,26,0,0,1,3,0-0,5 (1),1,0,NA,1,2,6b1d#,NA,NA,0,NA,1,NA,FALSE,FALSE,FALSE,TRUE,FALSE,FALSE,1,1,1,Novak Djokovic,Daniil Medvedev,R,R,M,20210912,US Open,FALSE,4pm,Ashe,Hard,Damien Dumusois,5,1,Edo
6*,ND,20210912-M-US_Open-F-Novak_Djokovic-Daniil_Medvedev,27,0,0,1,3,15-0,5 (2),1,0,NA,1,2,6*,NA,NA,0,NA,1,NA,TRUE,FALSE,FALSE,FALSE,FALSE,FALSE,1,1,1,Novak Djokovic,Daniil Medvedev,R,R,M,20210912,US Open,FALSE,4pm,Ashe,Hard,Damien Dumusois,5,1,Edo
5b1w@,ND,20210912-M-US_Open-F-Novak_Djokovic-Daniil_Medvedev,28,0,0,1,3,30-0,5 (3),1,0,NA,1,2,4n,5b1w@,NA,0,0,0,1,FALSE,FALSE,FALSE,FALSE,TRUE,FALSE,1,1,1,Novak Djokovic,Daniil Medvedev,R,R,M,20210912,US Open,FALSE,4pm,Ashe,Hard,Damien Dumusois,5,1,Edo
6*,ND,20210912-M-US_Open-F-Novak_Djokovic-Daniil_Medvedev,29,0,0,1,3,40-0,5 (4),1,0,NA,1,2,6*,NA,NA,0,NA,1,NA,TRUE,FALSE,FALSE,FALSE,FALSE,FALSE,1,1,1,Novak Djokovic,Daniil Medvedev,R,R,M,20210912,US Open,FALSE,4pm,Ashe,Hard,Damien Dumusois,5,1,Edo
4f2d@,DM,20210912-M-US_Open-F-Novak_Djokovic-Daniil_Medvedev,30,0,0,2,3,0-0,6 (1),1,0,NA,2,1,6d,4f2d@,NA,0,0,0,1,FALSE,FALSE,FALSE,FALSE,TRUE,FALSE,2,1,1,Novak Djokovic,Daniil Medvedev,R,R,M,20210912,US Open,FALSE,4pm,Ashe,Hard,Damien Dumusois,5,1,Edo
4s3n#,DM,20210912-M-US_Open-F-Novak_Djokovic-Daniil_Medvedev,31,0,0,2,3,15-0,6 (2),1,0,NA,2,1,4s3n#,NA,NA,0,NA,1,NA,FALSE,FALSE,FALSE,TRUE,FALSE,FALSE,2,1,1,Novak Djokovic,Daniil Medvedev,R,R,M,20210912,US Open,FALSE,4pm,Ashe,Hard,Damien Dumusois,5,1,Edo
5b28b3b3w#,DM,20210912-M-US_Open-F-Novak_Djokovic-Daniil_Medvedev,32,0,0,2,3,30-0,6 (3),1,0,NA,2,1,4d,5b28b3b3w#,NA,0,0,0,1,FALSE,FALSE,FALSE,TRUE,FALSE,FALSE,2,1,3,Novak Djokovic,Daniil Medvedev,R,R,M,20210912,US Open,FALSE,4pm,Ashe,Hard,Damien Dumusois,5,1,Edo
4b28b2r2f3s2f3b2f1f2f3d@,DM,20210912-M-US_Open-F-Novak_Djokovic-Daniil_Medvedev,33,0,0,2,3,40-0,6 (4),1,0,NA,2,1,6n,4b28b2r2f3s2f3b2f1f2f3d@,NA,0,0,0,1,FALSE,FALSE,FALSE,FALSE,TRUE,FALSE,1,0,10,Novak Djokovic,Daniil Medvedev,R,R,M,20210912,US Open,FALSE,4pm,Ashe,Hard,Damien Dumusois,5,1,Edo
6s27f-1l2o2m2o1*,DM,20210912-M-US_Open-F-Novak_Djokovic-Daniil_Medvedev,34,0,0,2,3,40-15,6 (5),1,0,NA,2,1,6s27f-1l2o2m2o1*,NA,NA,0,NA,1,NA,FALSE,FALSE,TRUE,FALSE,FALSE,FALSE,2,1,7,Novak Djokovic,Daniil Medvedev,R,R,M,20210912,US Open,FALSE,4pm,Ashe,Hard,Damien Dumusois,5,1,Edo
6b29b2f1n@,ND,20210912-M-US_Open-F-Novak_Djokovic-Daniil_Medvedev,35,0,0,2,4,0-0,7 (1),1,0,NA,1,2,6b29b2f1n@,NA,NA,0,NA,1,NA,FALSE,FALSE,FALSE,FALSE,TRUE,FALSE,1,1,3,Novak Djokovic,Daniil Medvedev,R,R,M,20210912,US Open,FALSE,4pm,Ashe,Hard,Damien Dumusois,5,1,Edo
4+b28z3b3z1l2o2r#,ND,20210912-M-US_Open-F-Novak_Djokovic-Daniil_Medvedev,36,0,0,2,4,15-0,7 (2),1,0,NA,1,2,4+b28z3b3z1l2o2r#,NA,NA,1,NA,1,NA,FALSE,FALSE,FALSE,TRUE,FALSE,FALSE,1,1,7,Novak Djokovic,Daniil Medvedev,R,R,M,20210912,US Open,FALSE,4pm,Ashe,Hard,Damien Dumusois,5,1,Edo
4f28b+3b3z^1r2n#,ND,20210912-M-US_Open-F-Novak_Djokovic-Daniil_Medvedev,37,0,0,2,4,30-0,7 (3),1,0,NA,1,2,6n,4f28b+3b3z^1r2n#,NA,0,0,0,1,FALSE,FALSE,FALSE,TRUE,FALSE,FALSE,1,1,5,Novak Djokovic,Daniil Medvedev,R,R,M,20210912,US Open,FALSE,4pm,Ashe,Hard,Damien Dumusois,5,1,Edo
6r28f+3b2v1d@,ND,20210912-M-US_Open-F-Novak_Djokovic-Daniil_Medvedev,38,0,0,2,4,40-0,7 (4),1,0,NA,1,2,4d,6r28f+3b2v1d@,NA,0,0,0,1,FALSE,FALSE,FALSE,FALSE,TRUE,FALSE,2,0,4,Novak Djokovic,Daniil Medvedev,R,R,M,20210912,US Open,FALSE,4pm,Ashe,Hard,Damien Dumusois,5,1,Edo
6+s#,ND,20210912-M-US_Open-F-Novak_Djokovic-Daniil_Medvedev,39,0,0,2,4,40-15,7 (5),1,0,NA,1,2,6+s#,NA,NA,1,NA,1,NA,FALSE,FALSE,FALSE,TRUE,FALSE,FALSE,1,1,1,Novak Djokovic,Daniil Medvedev,R,R,M,20210912,US Open,FALSE,4pm,Ashe,Hard,Damien Dumusois,5,1,Edo
4f27f1*,DM,20210912-M-US_Open-F-Novak_Djokovic-Daniil_Medvedev,40,0,0,3,4,0-0,8 (1),1,0,NA,2,1,6n,4f27f1*,NA,0,0,0,1,FALSE,FALSE,TRUE,FALSE,FALSE,FALSE,2,1,3,Novak Djokovic,Daniil Medvedev,R,R,M,20210912,US Open,FALSE,4pm,Ashe,Hard,Damien Dumusois,5,1,Edo
6*,DM,20210912-M-US_Open-F-Novak_Djokovic-Daniil_Medvedev,41,0,0,3,4,15-0,8 (2),1,0,NA,2,1,6*,NA,NA,0,NA,1,NA,TRUE,FALSE,FALSE,FALSE,FALSE,FALSE,2,1,1,Novak Djokovic,Daniil Medvedev,R,R,M,20210912,US Open,FALSE,4pm,Ashe,Hard,Damien Dumusois,5,1,Edo
6b18f3b2d#,DM,20210912-M-US_Open-F-Novak_Djokovic-Daniil_Medvedev,42,0,0,3,4,30-0,8 (3),1,0,NA,2,1,6b18f3b2d#,NA,NA,0,NA,1,NA,FALSE,FALSE,FALSE,TRUE,FALSE,FALSE,2,1,3,Novak Djokovic,Daniil Medvedev,R,R,M,20210912,US Open,FALSE,4pm,Ashe,Hard,Damien Dumusois,5,1,Edo
c4*,DM,20210912-M-US_Open-F-Novak_Djokovic-Daniil_Medvedev,43,0,0,3,4,40-0,8 (4),1,0,NA,2,1,c4*,NA,NA,0,NA,1,NA,TRUE,FALSE,FALSE,FALSE,FALSE,FALSE,2,1,1,Novak Djokovic,Daniil Medvedev,R,R,M,20210912,US Open,FALSE,4pm,Ashe,Hard,Damien Dumusois,5,1,Edo
5b28f2f2s2s3f2f1f1n@,ND,20210912-M-US_Open-F-Novak_Djokovic-Daniil_Medvedev,44,0,0,3,5,0-0,9 (1),1,0,NA,1,2,4n,5b28f2f2s2s3f2f1f1n@,NA,0,0,0,1,FALSE,FALSE,FALSE,FALSE,TRUE,FALSE,2,0,8,Novak Djokovic,Daniil Medvedev,R,R,M,20210912,US Open,FALSE,4pm,Ashe,Hard,Damien Dumusois,5,1,Edo
4+s37v1*,ND,20210912-M-US_Open-F-Novak_Djokovic-Daniil_Medvedev,45,0,0,3,5,0-15,9 (2),1,0,NA,1,2,4+s37v1*,NA,NA,1,NA,1,NA,FALSE,FALSE,TRUE,FALSE,FALSE,FALSE,1,1,3,Novak Djokovic,Daniil Medvedev,R,R,M,20210912,US Open,FALSE,4pm,Ashe,Hard,Damien Dumusois,5,1,Edo
4f27f+3b1v;^1*,ND,20210912-M-US_Open-F-Novak_Djokovic-Daniil_Medvedev,46,0,0,3,5,15-15,9 (3),1,0,NA,1,2,4f27f+3b1v;^1*,NA,NA,0,NA,1,NA,FALSE,FALSE,TRUE,FALSE,FALSE,FALSE,1,1,5,Novak Djokovic,Daniil Medvedev,R,R,M,20210912,US Open,FALSE,4pm,Ashe,Hard,Damien Dumusois,5,1,Edo
4b28b2n@,ND,20210912-M-US_Open-F-Novak_Djokovic-Daniil_Medvedev,47,0,0,3,5,30-15,9 (4),1,0,NA,1,2,4w,4b28b2n@,NA,0,0,0,1,FALSE,FALSE,FALSE,FALSE,TRUE,FALSE,2,0,2,Novak Djokovic,Daniil Medvedev,R,R,M,20210912,US Open,FALSE,4pm,Ashe,Hard,Damien Dumusois,5,1,Edo
c4+f18v2b3n@,ND,20210912-M-US_Open-F-Novak_Djokovic-Daniil_Medvedev,48,0,0,3,5,30-30,9 (5),1,0,NA,1,2,c4+f18v2b3n@,NA,NA,1,NA,1,NA,FALSE,FALSE,FALSE,FALSE,TRUE,FALSE,1,1,3,Novak Djokovic,Daniil Medvedev,R,R,M,20210912,US Open,FALSE,4pm,Ashe,Hard,Damien Dumusois,5,1,Edo
4b38b3b3d@,ND,20210912-M-US_Open-F-Novak_Djokovic-Daniil_Medvedev,49,0,0,3,5,40-30,9 (6),1,0,NA,1,2,4n,4b38b3b3d@,NA,0,0,0,1,FALSE,FALSE,FALSE,FALSE,TRUE,FALSE,1,1,3,Novak Djokovic,Daniil Medvedev,R,R,M,20210912,US Open,FALSE,4pm,Ashe,Hard,Damien Dumusois,5,1,Edo
4f2n#,DM,20210912-M-US_Open-F-Novak_Djokovic-Daniil_Medvedev,50,0,0,4,5,0-0,10 (1),1,0,NA,2,1,4f2n#,NA,NA,0,NA,1,NA,FALSE,FALSE,FALSE,TRUE,FALSE,FALSE,2,1,1,Novak Djokovic,Daniil Medvedev,R,R,M,20210912,US Open,FALSE,4pm,Ashe,Hard,Damien Dumusois,5,1,Edo
6*,DM,20210912-M-US_Open-F-Novak_Djokovic-Daniil_Medvedev,51,0,0,4,5,15-0,10 (2),1,0,NA,2,1,6*,NA,NA,0,NA,1,NA,TRUE,FALSE,FALSE,FALSE,FALSE,FALSE,2,1,1,Novak Djokovic,Daniil Medvedev,R,R,M,20210912,US Open,FALSE,4pm,Ashe,Hard,Damien Dumusois,5,1,Edo
5d,DM,20210912-M-US_Open-F-Novak_Djokovic-Daniil_Medvedev,52,0,0,4,5,30-0,10 (3),1,0,NA,2,1,4d,5d,NA,0,0,0,0,FALSE,FALSE,FALSE,FALSE,FALSE,TRUE,1,0,0,Novak Djokovic,Daniil Medvedev,R,R,M,20210912,US Open,FALSE,4pm,Ashe,Hard,Damien Dumusois,5,1,Edo
6r3d#,DM,20210912-M-US_Open-F-Novak_Djokovic-Daniil_Medvedev,53,0,0,4,5,30-15,10 (4),1,0,NA,2,1,6r3d#,NA,NA,0,NA,1,NA,FALSE,FALSE,FALSE,TRUE,FALSE,FALSE,2,1,1,Novak Djokovic,Daniil Medvedev,R,R,M,20210912,US Open,FALSE,4pm,Ashe,Hard,Damien Dumusois,5,1,Edo
4*,DM,20210912-M-US_Open-F-Novak_Djokovic-Daniil_Medvedev,54,0,0,4,5,40-15,10 (5),1,0,NA,2,1,4*,NA,NA,0,NA,1,NA,TRUE,FALSE,FALSE,FALSE,FALSE,FALSE,2,1,1,Novak Djokovic,Daniil Medvedev,R,R,M,20210912,US Open,FALSE,4pm,Ashe,Hard,Damien Dumusois,5,1,Edo
4f28f2f3w@,ND,20210912-M-US_Open-F-Novak_Djokovic-Daniil_Medvedev,55,0,1,0,0,0-0,11 (1),1,0,NA,1,2,4f28f2f3w@,NA,NA,0,NA,1,NA,FALSE,FALSE,FALSE,FALSE,TRUE,FALSE,1,1,3,Novak Djokovic,Daniil Medvedev,R,R,M,20210912,US Open,FALSE,4pm,Ashe,Hard,Damien Dumusois,5,1,Edo
5f27f1*,ND,20210912-M-US_Open-F-Novak_Djokovic-Daniil_Medvedev,56,0,1,0,0,15-0,11 (2),1,0,NA,1,2,4x,5f27f1*,NA,0,0,0,1,FALSE,FALSE,TRUE,FALSE,FALSE,FALSE,1,1,3,Novak Djokovic,Daniil Medvedev,R,R,M,20210912,US Open,FALSE,4pm,Ashe,Hard,Damien Dumusois,5,1,Edo
4+r27z3*,ND,20210912-M-US_Open-F-Novak_Djokovic-Daniil_Medvedev,57,0,1,0,0,30-0,11 (3),1,0,NA,1,2,4+r27z3*,NA,NA,1,NA,1,NA,FALSE,FALSE,TRUE,FALSE,FALSE,FALSE,1,1,3,Novak Djokovic,Daniil Medvedev,R,R,M,20210912,US Open,FALSE,4pm,Ashe,Hard,Damien Dumusois,5,1,Edo
4+b;27v2m3w@,ND,20210912-M-US_Open-F-Novak_Djokovic-Daniil_Medvedev,58,0,1,0,0,40-0,11 (4),1,0,NA,1,2,4+b;27v2m3w@,NA,NA,1,NA,1,NA,FALSE,FALSE,FALSE,FALSE,TRUE,FALSE,1,1,3,Novak Djokovic,Daniil Medvedev,R,R,M,20210912,US Open,FALSE,4pm,Ashe,Hard,Damien Dumusois,5,1,Edo
4f28b3d@,DM,20210912-M-US_Open-F-Novak_Djokovic-Daniil_Medvedev,59,0,1,1,0,0-0,12 (1),1,0,NA,2,1,6n,4f28b3d@,NA,0,0,0,1,FALSE,FALSE,FALSE,FALSE,TRUE,FALSE,1,0,2,Novak Djokovic,Daniil Medvedev,R,R,M,20210912,US Open,FALSE,4pm,Ashe,Hard,Damien Dumusois,5,1,Edo
4d,DM,20210912-M-US_Open-F-Novak_Djokovic-Daniil_Medvedev,60,0,1,1,0,0-15,12 (2),1,0,NA,2,1,6w,4d,NA,0,0,0,0,FALSE,FALSE,FALSE,FALSE,FALSE,TRUE,1,0,0,Novak Djokovic,Daniil Medvedev,R,R,M,20210912,US Open,FALSE,4pm,Ashe,Hard,Damien Dumusois,5,1,Edo
6b28f1f1f3s3f3w@,DM,20210912-M-US_Open-F-Novak_Djokovic-Daniil_Medvedev,61,0,1,1,0,0-30,12 (3),1,0,NA,2,1,6b28f1f1f3s3f3w@,NA,NA,0,NA,1,NA,FALSE,FALSE,FALSE,FALSE,TRUE,FALSE,1,0,6,Novak Djokovic,Daniil Medvedev,R,R,M,20210912,US Open,FALSE,4pm,Ashe,Hard,Damien Dumusois,5,1,Edo
6f37y1r1f3*,DM,20210912-M-US_Open-F-Novak_Djokovic-Daniil_Medvedev,62,0,1,1,0,0-40,12 (4),1,0,NA,2,1,6f37y1r1f3*,NA,NA,0,NA,1,NA,FALSE,FALSE,TRUE,FALSE,FALSE,FALSE,2,1,5,Novak Djokovic,Daniil Medvedev,R,R,M,20210912,US Open,FALSE,4pm,Ashe,Hard,Damien Dumusois,5,1,Edo
6*,DM,20210912-M-US_Open-F-Novak_Djokovic-Daniil_Medvedev,63,0,1,1,0,15-40,12 (5),1,0,NA,2,1,6*,NA,NA,0,NA,1,NA,TRUE,FALSE,FALSE,FALSE,FALSE,FALSE,2,1,1,Novak Djokovic,Daniil Medvedev,R,R,M,20210912,US Open,FALSE,4pm,Ashe,Hard,Damien Dumusois,5,1,Edo
4b28f3b3b3b2b3b2b3b1f2b2f2s2n@,DM,20210912-M-US_Open-F-Novak_Djokovic-Daniil_Medvedev,64,0,1,1,0,30-40,12 (6),1,0,NA,2,1,6d,4b28f3b3b3b2b3b2b3b1f2b2f2s2n@,NA,0,0,0,1,FALSE,FALSE,FALSE,FALSE,TRUE,FALSE,2,1,13,Novak Djokovic,Daniil Medvedev,R,R,M,20210912,US Open,FALSE,4pm,Ashe,Hard,Damien Dumusois,5,1,Edo
6*,DM,20210912-M-US_Open-F-Novak_Djokovic-Daniil_Medvedev,65,0,1,1,0,40-40,12 (7),1,0,NA,2,1,6*,NA,NA,0,NA,1,NA,TRUE,FALSE,FALSE,FALSE,FALSE,FALSE,2,1,1,Novak Djokovic,Daniil Medvedev,R,R,M,20210912,US Open,FALSE,4pm,Ashe,Hard,Damien Dumusois,5,1,Edo
6r2d#,DM,20210912-M-US_Open-F-Novak_Djokovic-Daniil_Medvedev,66,0,1,1,0,AD-40,12 (8),1,0,NA,2,1,6r2d#,NA,NA,0,NA,1,NA,FALSE,FALSE,FALSE,TRUE,FALSE,FALSE,2,1,1,Novak Djokovic,Daniil Medvedev,R,R,M,20210912,US Open,FALSE,4pm,Ashe,Hard,Damien Dumusois,5,1,Edo
4f1n@,ND,20210912-M-US_Open-F-Novak_Djokovic-Daniil_Medvedev,67,0,1,1,1,0-0,13 (1),1,0,NA,1,2,6n,4f1n@,NA,0,0,0,1,FALSE,FALSE,FALSE,FALSE,TRUE,FALSE,1,1,1,Novak Djokovic,Daniil Medvedev,R,R,M,20210912,US Open,FALSE,4pm,Ashe,Hard,Damien Dumusois,5,1,Edo
4b29f2f3b3f2b1f1f3n@,ND,20210912-M-US_Open-F-Novak_Djokovic-Daniil_Medvedev,68,0,1,1,1,15-0,13 (2),1,0,NA,1,2,4b29f2f3b3f2b1f1f3n@,NA,NA,0,NA,1,NA,FALSE,FALSE,FALSE,FALSE,TRUE,FALSE,2,0,8,Novak Djokovic,Daniil Medvedev,R,R,M,20210912,US Open,FALSE,4pm,Ashe,Hard,Damien Dumusois,5,1,Edo
4f28b3b2f1f1f3w@,ND,20210912-M-US_Open-F-Novak_Djokovic-Daniil_Medvedev,69,0,1,1,1,15-15,13 (3),1,0,NA,1,2,4n,4f28b3b2f1f1f3w@,NA,0,0,0,1,FALSE,FALSE,FALSE,FALSE,TRUE,FALSE,2,0,6,Novak Djokovic,Daniil Medvedev,R,R,M,20210912,US Open,FALSE,4pm,Ashe,Hard,Damien Dumusois,5,1,Edo
6f28f3b3s3b3b1f2f1f2b2b2b1f2f1f3w@,ND,20210912-M-US_Open-F-Novak_Djokovic-Daniil_Medvedev,70,0,1,1,1,15-30,13 (4),1,0,NA,1,2,4n,6f28f3b3s3b3b1f2f1f2b2b2b1f2f1f3w@,NA,0,0,0,1,FALSE,FALSE,FALSE,FALSE,TRUE,FALSE,1,1,15,Novak Djokovic,Daniil Medvedev,R,R,M,20210912,US Open,FALSE,4pm,Ashe,Hard,Damien Dumusois,5,1,Edo
5b28b3b3b3b3b1f1f1f3*,ND,20210912-M-US_Open-F-Novak_Djokovic-Daniil_Medvedev,71,0,1,1,1,30-30,13 (5),1,0,NA,1,2,4d,5b28b3b3b3b3b1f1f1f3*,NA,0,0,0,1,FALSE,FALSE,TRUE,FALSE,FALSE,FALSE,2,0,10,Novak Djokovic,Daniil Medvedev,R,R,M,20210912,US Open,FALSE,4pm,Ashe,Hard,Damien Dumusois,5,1,Edo
4s1w#,ND,20210912-M-US_Open-F-Novak_Djokovic-Daniil_Medvedev,72,0,1,1,1,30-40,13 (6),1,0,NA,1,2,4s1w#,NA,NA,0,NA,1,NA,FALSE,FALSE,FALSE,TRUE,FALSE,FALSE,1,1,1,Novak Djokovic,Daniil Medvedev,R,R,M,20210912,US Open,FALSE,4pm,Ashe,Hard,Damien Dumusois,5,1,Edo
4*,ND,20210912-M-US_Open-F-Novak_Djokovic-Daniil_Medvedev,73,0,1,1,1,40-40,13 (7),1,0,NA,1,2,4*,NA,NA,0,NA,1,NA,TRUE,FALSE,FALSE,FALSE,FALSE,FALSE,1,1,1,Novak Djokovic,Daniil Medvedev,R,R,M,20210912,US Open,FALSE,4pm,Ashe,Hard,Damien Dumusois,5,1,Edo
4b38b2f1f1f3b3n@,ND,20210912-M-US_Open-F-Novak_Djokovic-Daniil_Medvedev,74,0,1,1,1,AD-40,13 (8),1,0,NA,1,2,4n,4b38b2f1f1f3b3n@,NA,0,0,0,1,FALSE,FALSE,FALSE,FALSE,TRUE,FALSE,2,0,6,Novak Djokovic,Daniil Medvedev,R,R,M,20210912,US Open,FALSE,4pm,Ashe,Hard,Damien Dumusois,5,1,Edo
4f28b3b2f2f2b3b2b3b2f1f2b+2b2z1f3n#,ND,20210912-M-US_Open-F-Novak_Djokovic-Daniil_Medvedev,75,0,1,1,1,40-40,13 (9),1,0,NA,1,2,4n,4f28b3b2f2f2b3b2b3b2f1f2b+2b2z1f3n#,NA,0,0,0,1,FALSE,FALSE,FALSE,TRUE,FALSE,FALSE,1,1,15,Novak Djokovic,Daniil Medvedev,R,R,M,20210912,US Open,FALSE,4pm,Ashe,Hard,Damien Dumusois,5,1,Edo
4+s38j2m3o1*,ND,20210912-M-US_Open-F-Novak_Djokovic-Daniil_Medvedev,76,0,1,1,1,AD-40,13 (10),1,0,NA,1,2,4+s38j2m3o1*,NA,NA,1,NA,1,NA,FALSE,FALSE,TRUE,FALSE,FALSE,FALSE,1,1,5,Novak Djokovic,Daniil Medvedev,R,R,M,20210912,US Open,FALSE,4pm,Ashe,Hard,Damien Dumusois,5,1,Edo
5f27b1*,DM,20210912-M-US_Open-F-Novak_Djokovic-Daniil_Medvedev,77,0,1,2,1,0-0,14 (1),1,0,NA,2,1,6w,5f27b1*,NA,0,0,0,1,FALSE,FALSE,TRUE,FALSE,FALSE,FALSE,2,1,3,Novak Djokovic,Daniil Medvedev,R,R,M,20210912,US Open,FALSE,4pm,Ashe,Hard,Damien Dumusois,5,1,Edo
4s27f+1f2z2d#,DM,20210912-M-US_Open-F-Novak_Djokovic-Daniil_Medvedev,78,0,1,2,1,15-0,14 (2),1,0,NA,2,1,4s27f+1f2z2d#,NA,NA,0,NA,1,NA,FALSE,FALSE,FALSE,TRUE,FALSE,FALSE,1,0,4,Novak Djokovic,Daniil Medvedev,R,R,M,20210912,US Open,FALSE,4pm,Ashe,Hard,Damien Dumusois,5,1,Edo
4f18f2s#,DM,20210912-M-US_Open-F-Novak_Djokovic-Daniil_Medvedev,79,0,1,2,1,15-15,14 (3),1,0,NA,2,1,4f18f2s#,NA,NA,0,NA,1,NA,FALSE,FALSE,FALSE,TRUE,FALSE,FALSE,2,1,3,Novak Djokovic,Daniil Medvedev,R,R,M,20210912,US Open,FALSE,4pm,Ashe,Hard,Damien Dumusois,5,1,Edo
6d,DM,20210912-M-US_Open-F-Novak_Djokovic-Daniil_Medvedev,80,0,1,2,1,30-15,14 (4),1,0,NA,2,1,6d,6d,NA,0,0,0,0,FALSE,FALSE,FALSE,FALSE,FALSE,TRUE,1,0,0,Novak Djokovic,Daniil Medvedev,R,R,M,20210912,US Open,FALSE,4pm,Ashe,Hard,Damien Dumusois,5,1,Edo
6b28f3b3f1f1f1f1f2s3b3f1f1r2b2s3b3s3b3b1f2f3b2r1f1f2d@,DM,20210912-M-US_Open-F-Novak_Djokovic-Daniil_Medvedev,81,0,1,2,1,30-30,14 (5),1,0,NA,2,1,6b28f3b3f1f1f1f1f2s3b3f1f1r2b2s3b3s3b3b1f2f3b2r1f1f2d@,NA,NA,0,NA,1,NA,FALSE,FALSE,FALSE,FALSE,TRUE,FALSE,2,1,25,Novak Djokovic,Daniil Medvedev,R,R,M,20210912,US Open,FALSE,4pm,Ashe,Hard,Damien Dumusois,5,1,Edo
6r29f3s2f3b1f1f2b3b3b3w@,DM,20210912-M-US_Open-F-Novak_Djokovic-Daniil_Medvedev,82,0,1,2,1,40-30,14 (6),1,0,NA,2,1,6r29f3s2f3b1f1f2b3b3b3w@,NA,NA,0,NA,1,NA,FALSE,FALSE,FALSE,FALSE,TRUE,FALSE,1,0,10,Novak Djokovic,Daniil Medvedev,R,R,M,20210912,US Open,FALSE,4pm,Ashe,Hard,Damien Dumusois,5,1,Edo
5b28f3b3b3b3b1w@,DM,20210912-M-US_Open-F-Novak_Djokovic-Daniil_Medvedev,83,0,1,2,1,40-40,14 (7),1,0,NA,2,1,4n,5b28f3b3b3b3b1w@,NA,0,0,0,1,FALSE,FALSE,FALSE,FALSE,TRUE,FALSE,1,0,6,Novak Djokovic,Daniil Medvedev,R,R,M,20210912,US Open,FALSE,4pm,Ashe,Hard,Damien Dumusois,5,1,Edo
6f27f+3b2z1r1n#,DM,20210912-M-US_Open-F-Novak_Djokovic-Daniil_Medvedev,84,0,1,2,1,40-AD,14 (8),1,0,NA,2,1,6d,6f27f+3b2z1r1n#,NA,0,0,0,1,FALSE,FALSE,FALSE,TRUE,FALSE,FALSE,2,1,5,Novak Djokovic,Daniil Medvedev,R,R,M,20210912,US Open,FALSE,4pm,Ashe,Hard,Damien Dumusois,5,1,Edo
4f27f3b2b3d@,DM,20210912-M-US_Open-F-Novak_Djokovic-Daniil_Medvedev,85,0,1,2,1,40-40,14 (9),1,0,NA,2,1,4f27f3b2b3d@,NA,NA,0,NA,1,NA,FALSE,FALSE,FALSE,FALSE,TRUE,FALSE,1,0,4,Novak Djokovic,Daniil Medvedev,R,R,M,20210912,US Open,FALSE,4pm,Ashe,Hard,Damien Dumusois,5,1,Edo
6r39b1r#,DM,20210912-M-US_Open-F-Novak_Djokovic-Daniil_Medvedev,86,0,1,2,1,40-AD,14 (10),1,0,NA,2,1,6r39b1r#,NA,NA,0,NA,1,NA,FALSE,FALSE,FALSE,TRUE,FALSE,FALSE,2,1,3,Novak Djokovic,Daniil Medvedev,R,R,M,20210912,US Open,FALSE,4pm,Ashe,Hard,Damien Dumusois,5,1,Edo
4f1w#,DM,20210912-M-US_Open-F-Novak_Djokovic-Daniil_Medvedev,87,0,1,2,1,40-40,14 (11),1,0,NA,2,1,4f1w#,NA,Warning Djokovic,0,NA,1,NA,FALSE,FALSE,FALSE,TRUE,FALSE,FALSE,2,1,1,Novak Djokovic,Daniil Medvedev,R,R,M,20210912,US Open,FALSE,4pm,Ashe,Hard,Damien Dumusois,5,1,Edo
c4b3d@,DM,20210912-M-US_Open-F-Novak_Djokovic-Daniil_Medvedev,88,0,1,2,1,AD-40,14 (12),1,0,NA,2,1,4n,c4b3d@,NA,0,0,0,1,FALSE,FALSE,FALSE,FALSE,TRUE,FALSE,2,1,1,Novak Djokovic,Daniil Medvedev,R,R,M,20210912,US Open,FALSE,4pm,Ashe,Hard,Damien Dumusois,5,1,Edo
4d,ND,20210912-M-US_Open-F-Novak_Djokovic-Daniil_Medvedev,89,0,1,2,2,0-0,15 (1),1,0,NA,1,2,6n,4d,NA,0,0,0,0,FALSE,FALSE,FALSE,FALSE,FALSE,TRUE,2,0,0,Novak Djokovic,Daniil Medvedev,R,R,M,20210912,US Open,FALSE,4pm,Ashe,Hard,Damien Dumusois,5,1,Edo
5b28f3b3b3b3b1f1f2b2s3b3b2f3w@,ND,20210912-M-US_Open-F-Novak_Djokovic-Daniil_Medvedev,90,0,1,2,2,0-15,15 (2),1,0,NA,1,2,6w,5b28f3b3b3b3b1f1f2b2s3b3b2f3w@,NA,0,0,0,1,FALSE,FALSE,FALSE,FALSE,TRUE,FALSE,1,1,13,Novak Djokovic,Daniil Medvedev,R,R,M,20210912,US Open,FALSE,4pm,Ashe,Hard,Damien Dumusois,5,1,Edo
4f18f3w@,ND,20210912-M-US_Open-F-Novak_Djokovic-Daniil_Medvedev,91,0,1,2,2,15-15,15 (3),1,0,NA,1,2,6n,4f18f3w@,NA,0,0,0,1,FALSE,FALSE,FALSE,FALSE,TRUE,FALSE,2,0,2,Novak Djokovic,Daniil Medvedev,R,R,M,20210912,US Open,FALSE,4pm,Ashe,Hard,Damien Dumusois,5,1,Edo
5b28f3b3s3n@,ND,20210912-M-US_Open-F-Novak_Djokovic-Daniil_Medvedev,92,0,1,2,2,15-30,15 (4),1,0,NA,1,2,4x,5b28f3b3s3n@,NA,0,0,0,1,FALSE,FALSE,FALSE,FALSE,TRUE,FALSE,2,0,4,Novak Djokovic,Daniil Medvedev,R,R,M,20210912,US Open,FALSE,4pm,Ashe,Hard,Damien Dumusois,5,1,Edo
4+f2d#,ND,20210912-M-US_Open-F-Novak_Djokovic-Daniil_Medvedev,93,0,1,2,2,15-40,15 (5),1,0,NA,1,2,4+f2d#,NA,NA,1,NA,1,NA,FALSE,FALSE,FALSE,TRUE,FALSE,FALSE,1,1,1,Novak Djokovic,Daniil Medvedev,R,R,M,20210912,US Open,FALSE,4pm,Ashe,Hard,Damien Dumusois,5,1,Edo
6f28f1f2f+3b2z1x@,ND,20210912-M-US_Open-F-Novak_Djokovic-Daniil_Medvedev,94,0,1,2,2,30-40,15 (6),1,0,NA,1,2,4d,6f28f1f2f+3b2z1x@,NA,0,0,0,1,FALSE,FALSE,FALSE,FALSE,TRUE,FALSE,2,0,6,Novak Djokovic,Daniil Medvedev,R,R,M,20210912,US Open,FALSE,4pm,Ashe,Hard,Damien Dumusois,5,1,Edo
6*,DM,20210912-M-US_Open-F-Novak_Djokovic-Daniil_Medvedev,95,0,1,2,3,0-0,16 (1),1,0,NA,2,1,6*,NA,NA,0,NA,1,NA,TRUE,FALSE,FALSE,FALSE,FALSE,FALSE,2,1,1,Novak Djokovic,Daniil Medvedev,R,R,M,20210912,US Open,FALSE,4pm,Ashe,Hard,Damien Dumusois,5,1,Edo
5f28f2s2b3b1f1f3b3s3s3s3s3b3b2b2b3b;2b3b2f1f2f3*,DM,20210912-M-US_Open-F-Novak_Djokovic-Daniil_Medvedev,96,0,1,2,3,15-0,16 (2),1,0,NA,2,1,4d,5f28f2s2b3b1f1f3b3s3s3s3s3b3b2b2b3b;2b3b2f1f2f3*,NA,0,0,0,1,FALSE,FALSE,TRUE,FALSE,FALSE,FALSE,2,1,23,Novak Djokovic,Daniil Medvedev,R,R,M,20210912,US Open,FALSE,4pm,Ashe,Hard,Damien Dumusois,5,1,Edo
4f3n@,DM,20210912-M-US_Open-F-Novak_Djokovic-Daniil_Medvedev,97,0,1,2,3,30-0,16 (3),1,0,NA,2,1,6d,4f3n@,NA,0,0,0,1,FALSE,FALSE,FALSE,FALSE,TRUE,FALSE,2,1,1,Novak Djokovic,Daniil Medvedev,R,R,M,20210912,US Open,FALSE,4pm,Ashe,Hard,Damien Dumusois,5,1,Edo
6f27f3b2f2s+3s3z3w@,DM,20210912-M-US_Open-F-Novak_Djokovic-Daniil_Medvedev,98,0,1,2,3,40-0,16 (4),1,0,NA,2,1,4n,6f27f3b2f2s+3s3z3w@,NA,0,0,0,1,FALSE,FALSE,FALSE,FALSE,TRUE,FALSE,2,1,7,Novak Djokovic,Daniil Medvedev,R,R,M,20210912,US Open,FALSE,4pm,Ashe,Hard,Damien Dumusois,5,1,Edo
5b28b3n@,ND,20210912-M-US_Open-F-Novak_Djokovic-Daniil_Medvedev,99,0,1,2,4,0-0,17 (1),1,0,NA,1,2,4n,5b28b3n@,NA,0,0,0,1,FALSE,FALSE,FALSE,FALSE,TRUE,FALSE,2,0,2,Novak Djokovic,Daniil Medvedev,R,R,M,20210912,US Open,FALSE,4pm,Ashe,Hard,Damien Dumusois,5,1,Edo
4b37b3b2b+1f2z3m3o3b3f1n@,ND,20210912-M-US_Open-F-Novak_Djokovic-Daniil_Medvedev,100,0,1,2,4,0-15,17 (2),1,0,NA,1,2,6d,4b37b3b2b+1f2z3m3o3b3f1n@,NA,0,0,0,1,FALSE,FALSE,FALSE,FALSE,TRUE,FALSE,2,0,10,Novak Djokovic,Daniil Medvedev,R,R,M,20210912,US Open,FALSE,4pm,Ashe,Hard,Damien Dumusois,5,1,Edo
4+f1w#,ND,20210912-M-US_Open-F-Novak_Djokovic-Daniil_Medvedev,101,0,1,2,4,0-30,17 (3),1,0,NA,1,2,4+f1w#,NA,NA,1,NA,1,NA,FALSE,FALSE,FALSE,TRUE,FALSE,FALSE,1,1,1,Novak Djokovic,Daniil Medvedev,R,R,M,20210912,US Open,FALSE,4pm,Ashe,Hard,Damien Dumusois,5,1,Edo
6f28f3b3b1f1f2f2d@,ND,20210912-M-US_Open-F-Novak_Djokovic-Daniil_Medvedev,102,0,1,2,4,15-30,17 (4),1,0,NA,1,2,4d,6f28f3b3b1f1f2f2d@,NA,0,0,0,1,FALSE,FALSE,FALSE,FALSE,TRUE,FALSE,1,1,7,Novak Djokovic,Daniil Medvedev,R,R,M,20210912,US Open,FALSE,4pm,Ashe,Hard,Damien Dumusois,5,1,Edo
6b3d#,ND,20210912-M-US_Open-F-Novak_Djokovic-Daniil_Medvedev,103,0,1,2,4,30-30,17 (5),1,0,NA,1,2,6b3d#,NA,NA,0,NA,1,NA,FALSE,FALSE,FALSE,TRUE,FALSE,FALSE,1,1,1,Novak Djokovic,Daniil Medvedev,R,R,M,20210912,US Open,FALSE,4pm,Ashe,Hard,Damien Dumusois,5,1,Edo
6f1n#,ND,20210912-M-US_Open-F-Novak_Djokovic-Daniil_Medvedev,104,0,1,2,4,40-30,17 (6),1,0,NA,1,2,6f1n#,NA,NA,0,NA,1,NA,FALSE,FALSE,FALSE,TRUE,FALSE,FALSE,1,1,1,Novak Djokovic,Daniil Medvedev,R,R,M,20210912,US Open,FALSE,4pm,Ashe,Hard,Damien Dumusois,5,1,Edo
4f2d#,DM,20210912-M-US_Open-F-Novak_Djokovic-Daniil_Medvedev,105,0,1,3,4,0-0,18 (1),1,0,NA,2,1,4f2d#,NA,NA,0,NA,1,NA,FALSE,FALSE,FALSE,TRUE,FALSE,FALSE,2,1,1,Novak Djokovic,Daniil Medvedev,R,R,M,20210912,US Open,FALSE,4pm,Ashe,Hard,Damien Dumusois,5,1,Edo
6f#,DM,20210912-M-US_Open-F-Novak_Djokovic-Daniil_Medvedev,106,0,1,3,4,15-0,18 (2),1,0,NA,2,1,6f#,NA,NA,0,NA,1,NA,FALSE,FALSE,FALSE,TRUE,FALSE,FALSE,2,1,1,Novak Djokovic,Daniil Medvedev,R,R,M,20210912,US Open,FALSE,4pm,Ashe,Hard,Damien Dumusois,5,1,Edo
5b29f3b3b3s1f1f1f3s3f1*,DM,20210912-M-US_Open-F-Novak_Djokovic-Daniil_Medvedev,107,0,1,3,4,30-0,18 (3),1,0,NA,2,1,6d,5b29f3b3b3s1f1f1f3s3f1*,NA,0,0,0,1,FALSE,FALSE,TRUE,FALSE,FALSE,FALSE,2,1,11,Novak Djokovic,Daniil Medvedev,R,R,M,20210912,US Open,FALSE,4pm,Ashe,Hard,Damien Dumusois,5,1,Edo
4b37b3b2f1f3b3s3f3*,DM,20210912-M-US_Open-F-Novak_Djokovic-Daniil_Medvedev,108,0,1,3,4,40-0,18 (4),1,0,NA,2,1,4n,4b37b3b2f1f3b3s3f3*,NA,0,0,0,1,FALSE,FALSE,TRUE,FALSE,FALSE,FALSE,2,1,9,Novak Djokovic,Daniil Medvedev,R,R,M,20210912,US Open,FALSE,4pm,Ashe,Hard,Damien Dumusois,5,1,Edo
5b27b2d@,ND,20210912-M-US_Open-F-Novak_Djokovic-Daniil_Medvedev,109,0,1,3,5,0-0,19 (1),1,0,NA,1,2,6d,5b27b2d@,NA,0,0,0,1,FALSE,FALSE,FALSE,FALSE,TRUE,FALSE,2,0,2,Novak Djokovic,Daniil Medvedev,R,R,M,20210912,US Open,FALSE,4pm,Ashe,Hard,Damien Dumusois,5,1,Edo
6+f1n#,ND,20210912-M-US_Open-F-Novak_Djokovic-Daniil_Medvedev,110,0,1,3,5,0-15,19 (2),1,0,NA,1,2,6+f1n#,NA,NA,1,NA,1,NA,FALSE,FALSE,FALSE,TRUE,FALSE,FALSE,1,1,1,Novak Djokovic,Daniil Medvedev,R,R,M,20210912,US Open,FALSE,4pm,Ashe,Hard,Damien Dumusois,5,1,Edo
6s27u+1r3z3*,ND,20210912-M-US_Open-F-Novak_Djokovic-Daniil_Medvedev,111,0,1,3,5,15-15,19 (3),1,0,NA,1,2,6s27u+1r3z3*,NA,NA,0,NA,1,NA,FALSE,FALSE,TRUE,FALSE,FALSE,FALSE,1,1,5,Novak Djokovic,Daniil Medvedev,R,R,M,20210912,US Open,FALSE,4pm,Ashe,Hard,Damien Dumusois,5,1,Edo
6f17f1f2b3b3b1n@,ND,20210912-M-US_Open-F-Novak_Djokovic-Daniil_Medvedev,112,0,1,3,5,30-15,19 (4),1,0,NA,1,2,6f17f1f2b3b3b1n@,NA,NA,0,NA,1,NA,FALSE,FALSE,FALSE,FALSE,TRUE,FALSE,2,0,6,Novak Djokovic,Daniil Medvedev,R,R,M,20210912,US Open,FALSE,4pm,Ashe,Hard,Damien Dumusois,5,1,Edo
6+s37b1l2d@,ND,20210912-M-US_Open-F-Novak_Djokovic-Daniil_Medvedev,113,0,1,3,5,30-30,19 (5),1,0,NA,1,2,6+s37b1l2d@,NA,NA,1,NA,1,NA,FALSE,FALSE,FALSE,FALSE,TRUE,FALSE,1,1,3,Novak Djokovic,Daniil Medvedev,R,R,M,20210912,US Open,FALSE,4pm,Ashe,Hard,Damien Dumusois,5,1,Edo
4s27f-1l1o3*,ND,20210912-M-US_Open-F-Novak_Djokovic-Daniil_Medvedev,114,0,1,3,5,40-30,19 (6),1,0,NA,1,2,6n,4s27f-1l1o3*,NA,0,0,0,1,FALSE,FALSE,TRUE,FALSE,FALSE,FALSE,1,1,5,Novak Djokovic,Daniil Medvedev,R,R,M,20210912,US Open,FALSE,4pm,Ashe,Hard,Damien Dumusois,5,1,Edo
4r#,DM,20210912-M-US_Open-F-Novak_Djokovic-Daniil_Medvedev,115,0,1,4,5,0-0,20 (1),1,0,NA,2,1,4r#,NA,NA,0,NA,1,NA,FALSE,FALSE,FALSE,TRUE,FALSE,FALSE,2,1,1,Novak Djokovic,Daniil Medvedev,R,R,M,20210912,US Open,FALSE,4pm,Ashe,Hard,Damien Dumusois,5,1,Edo
c6*,DM,20210912-M-US_Open-F-Novak_Djokovic-Daniil_Medvedev,116,0,1,4,5,15-0,20 (2),1,0,NA,2,1,c6*,NA,NA,0,NA,1,NA,TRUE,FALSE,FALSE,FALSE,FALSE,FALSE,2,1,1,Novak Djokovic,Daniil Medvedev,R,R,M,20210912,US Open,FALSE,4pm,Ashe,Hard,Damien Dumusois,5,1,Edo
4f18f3b3b2b2f3b3y1u;1r3*,DM,20210912-M-US_Open-F-Novak_Djokovic-Daniil_Medvedev,117,0,1,4,5,30-0,20 (3),1,0,NA,2,1,6n,4f18f3b3b2b2f3b3y1u;1r3*,NA,0,0,0,1,FALSE,FALSE,TRUE,FALSE,FALSE,FALSE,2,1,11,Novak Djokovic,Daniil Medvedev,R,R,M,20210912,US Open,FALSE,4pm,Ashe,Hard,Damien Dumusois,5,1,Edo
6n,DM,20210912-M-US_Open-F-Novak_Djokovic-Daniil_Medvedev,118,0,1,4,5,40-0,20 (4),1,0,NA,2,1,4n,6n,NA,0,0,0,0,FALSE,FALSE,FALSE,FALSE,FALSE,TRUE,1,0,0,Novak Djokovic,Daniil Medvedev,R,R,M,20210912,US Open,FALSE,4pm,Ashe,Hard,Damien Dumusois,5,1,Edo
6b28b2b1f3b3b2f2b2b2b2b2b2b2b2f1f2f3b1w@,DM,20210912-M-US_Open-F-Novak_Djokovic-Daniil_Medvedev,119,0,1,4,5,40-15,20 (5),1,0,NA,2,1,6n,6b28b2b1f3b3b2f2b2b2b2b2b2b2b2f1f2f3b1w@,NA,0,0,0,1,FALSE,FALSE,FALSE,FALSE,TRUE,FALSE,1,0,18,Novak Djokovic,Daniil Medvedev,R,R,M,20210912,US Open,FALSE,4pm,Ashe,Hard,Damien Dumusois,5,1,Edo
6f27u+3b1w@,DM,20210912-M-US_Open-F-Novak_Djokovic-Daniil_Medvedev,120,0,1,4,5,40-30,20 (6),1,0,NA,2,1,6f27u+3b1w@,NA,NA,0,NA,1,NA,FALSE,FALSE,FALSE,FALSE,TRUE,FALSE,2,1,3,Novak Djokovic,Daniil Medvedev,R,R,M,20210912,US Open,FALSE,4pm,Ashe,Hard,Damien Dumusois,5,1,Edo
5f28f3b3y1u3b1*,ND,20210912-M-US_Open-F-Novak_Djokovic-Daniil_Medvedev,121,0,2,0,0,0-0,21 (1),1,0,NA,1,2,6d,5f28f3b3y1u3b1*,NA,0,0,0,1,FALSE,FALSE,TRUE,FALSE,FALSE,FALSE,1,1,7,Novak Djokovic,Daniil Medvedev,R,R,M,20210912,US Open,FALSE,4pm,Ashe,Hard,Damien Dumusois,5,1,Edo
6f28f3b3f1r2n#,ND,20210912-M-US_Open-F-Novak_Djokovic-Daniil_Medvedev,122,0,2,0,0,15-0,21 (2),1,0,NA,1,2,6f28f3b3f1r2n#,NA,NA,0,NA,1,NA,FALSE,FALSE,FALSE,TRUE,FALSE,FALSE,1,1,5,Novak Djokovic,Daniil Medvedev,R,R,M,20210912,US Open,FALSE,4pm,Ashe,Hard,Damien Dumusois,5,1,Edo
4f18f2b3b3b3b3b2f+1f1v#,ND,20210912-M-US_Open-F-Novak_Djokovic-Daniil_Medvedev,123,0,2,0,0,30-0,21 (3),1,0,NA,1,2,4f18f2b3b3b3b3b2f+1f1v#,NA,NA,0,NA,1,NA,FALSE,FALSE,FALSE,TRUE,FALSE,FALSE,2,0,10,Novak Djokovic,Daniil Medvedev,R,R,M,20210912,US Open,FALSE,4pm,Ashe,Hard,Damien Dumusois,5,1,Edo
5b38b3b3b1f2b3w@,ND,20210912-M-US_Open-F-Novak_Djokovic-Daniil_Medvedev,124,0,2,0,0,30-15,21 (4),1,0,NA,1,2,6w,5b38b3b3b1f2b3w@,NA,0,0,0,1,FALSE,FALSE,FALSE,FALSE,TRUE,FALSE,2,0,6,Novak Djokovic,Daniil Medvedev,R,R,M,20210912,US Open,FALSE,4pm,Ashe,Hard,Damien Dumusois,5,1,Edo
6b37b+3b2v2b1v2n#,ND,20210912-M-US_Open-F-Novak_Djokovic-Daniil_Medvedev,125,0,2,0,0,30-30,21 (5),1,0,NA,1,2,6b37b+3b2v2b1v2n#,NA,NA,0,NA,1,NA,FALSE,FALSE,FALSE,TRUE,FALSE,FALSE,2,0,6,Novak Djokovic,Daniil Medvedev,R,R,M,20210912,US Open,FALSE,4pm,Ashe,Hard,Damien Dumusois,5,1,Edo
6f38b3b3b3b3f2b3b3b2f3b2b3b3b1f1f3b3s3d@,ND,20210912-M-US_Open-F-Novak_Djokovic-Daniil_Medvedev,126,0,2,0,0,30-40,21 (6),1,0,NA,1,2,6f38b3b3b3b3f2b3b3b2f3b2b3b3b1f1f3b3s3d@,NA,NA,0,NA,1,NA,FALSE,FALSE,FALSE,FALSE,TRUE,FALSE,2,0,18,Novak Djokovic,Daniil Medvedev,R,R,M,20210912,US Open,FALSE,4pm,Ashe,Hard,Damien Dumusois,5,1,Edo
6s38y1f3b3z1f2v3*,DM,20210912-M-US_Open-F-Novak_Djokovic-Daniil_Medvedev,127,0,2,0,1,0-0,22 (1),1,0,NA,2,1,6s38y1f3b3z1f2v3*,NA,NA,0,NA,1,NA,FALSE,FALSE,TRUE,FALSE,FALSE,FALSE,1,0,8,Novak Djokovic,Daniil Medvedev,R,R,M,20210912,US Open,FALSE,4pm,Ashe,Hard,Damien Dumusois,5,1,Edo
4*,DM,20210912-M-US_Open-F-Novak_Djokovic-Daniil_Medvedev,128,0,2,0,1,0-15,22 (2),1,0,NA,2,1,4*,NA,NA,0,NA,1,NA,TRUE,FALSE,FALSE,FALSE,FALSE,FALSE,2,1,1,Novak Djokovic,Daniil Medvedev,R,R,M,20210912,US Open,FALSE,4pm,Ashe,Hard,Damien Dumusois,5,1,Edo
6s38u3b1x#,DM,20210912-M-US_Open-F-Novak_Djokovic-Daniil_Medvedev,129,0,2,0,1,15-15,22 (3),1,0,NA,2,1,6s38u3b1x#,NA,NA,0,NA,1,NA,FALSE,FALSE,FALSE,TRUE,FALSE,FALSE,2,1,3,Novak Djokovic,Daniil Medvedev,R,R,M,20210912,US Open,FALSE,4pm,Ashe,Hard,Damien Dumusois,5,1,Edo
4s38b3b3b3b3b3b3b3b3b3b3b2f3b3y3b3w#,DM,20210912-M-US_Open-F-Novak_Djokovic-Daniil_Medvedev,130,0,2,0,1,30-15,22 (4),1,0,NA,2,1,4s38b3b3b3b3b3b3b3b3b3b3b2f3b3y3b3w#,NA,NA,0,NA,1,NA,FALSE,FALSE,FALSE,TRUE,FALSE,FALSE,1,0,16,Novak Djokovic,Daniil Medvedev,R,R,M,20210912,US Open,FALSE,4pm,Ashe,Hard,Damien Dumusois,5,1,Edo
5b28f2f1f1f+3b2z3w@,DM,20210912-M-US_Open-F-Novak_Djokovic-Daniil_Medvedev,131,0,2,0,1,30-30,22 (5),1,0,NA,2,1,5b28f2f1f1f+3b2z3w@,NA,NA,0,NA,1,NA,FALSE,FALSE,FALSE,FALSE,TRUE,FALSE,2,1,7,Novak Djokovic,Daniil Medvedev,R,R,M,20210912,US Open,FALSE,4pm,Ashe,Hard,Damien Dumusois,5,1,Edo
6f28f3b3b2n#,DM,20210912-M-US_Open-F-Novak_Djokovic-Daniil_Medvedev,132,0,2,0,1,40-30,22 (6),1,0,NA,2,1,6f28f3b3b2n#,NA,NA,0,NA,1,NA,FALSE,FALSE,FALSE,TRUE,FALSE,FALSE,1,0,4,Novak Djokovic,Daniil Medvedev,R,R,M,20210912,US Open,FALSE,4pm,Ashe,Hard,Damien Dumusois,5,1,Edo
6b27y1f2n#,DM,20210912-M-US_Open-F-Novak_Djokovic-Daniil_Medvedev,133,0,2,0,1,40-40,22 (7),1,0,NA,2,1,6b27y1f2n#,NA,NA,0,NA,1,NA,FALSE,FALSE,FALSE,TRUE,FALSE,FALSE,2,1,3,Novak Djokovic,Daniil Medvedev,R,R,M,20210912,US Open,FALSE,4pm,Ashe,Hard,Damien Dumusois,5,1,Edo
4b37b1f1f1f1f2b1f1f+3b3b1f2i1f-1*,DM,20210912-M-US_Open-F-Novak_Djokovic-Daniil_Medvedev,134,0,2,0,1,AD-40,22 (8),1,0,NA,2,1,4b37b1f1f1f1f2b1f1f+3b3b1f2i1f-1*,NA,NA,0,NA,1,NA,FALSE,FALSE,TRUE,FALSE,FALSE,FALSE,2,1,15,Novak Djokovic,Daniil Medvedev,R,R,M,20210912,US Open,FALSE,4pm,Ashe,Hard,Damien Dumusois,5,1,Edo
4+r38p3b3*,ND,20210912-M-US_Open-F-Novak_Djokovic-Daniil_Medvedev,135,0,2,0,2,0-0,23 (1),1,0,NA,1,2,4+r38p3b3*,NA,NA,1,NA,1,NA,FALSE,FALSE,TRUE,FALSE,FALSE,FALSE,2,0,4,Novak Djokovic,Daniil Medvedev,R,R,M,20210912,US Open,FALSE,4pm,Ashe,Hard,Damien Dumusois,5,1,Edo
5b38f3b3b3b3b3b3b3b1f2f2b3d@,ND,20210912-M-US_Open-F-Novak_Djokovic-Daniil_Medvedev,136,0,2,0,2,0-15,23 (2),1,0,NA,1,2,4d,5b38f3b3b3b3b3b3b3b1f2f2b3d@,NA,0,0,0,1,FALSE,FALSE,FALSE,FALSE,TRUE,FALSE,2,0,12,Novak Djokovic,Daniil Medvedev,R,R,M,20210912,US Open,FALSE,4pm,Ashe,Hard,Damien Dumusois,5,1,Edo
4+f27z3*,ND,20210912-M-US_Open-F-Novak_Djokovic-Daniil_Medvedev,137,0,2,0,2,0-30,23 (3),1,0,NA,1,2,4+f27z3*,NA,NA,1,NA,1,NA,FALSE,FALSE,TRUE,FALSE,FALSE,FALSE,1,1,3,Novak Djokovic,Daniil Medvedev,R,R,M,20210912,US Open,FALSE,4pm,Ashe,Hard,Damien Dumusois,5,1,Edo
4b38b3b3s2s2f+3b1n#,ND,20210912-M-US_Open-F-Novak_Djokovic-Daniil_Medvedev,138,0,2,0,2,15-30,23 (4),1,0,NA,1,2,4n,4b38b3b3s2s2f+3b1n#,NA,0,0,0,1,FALSE,FALSE,FALSE,TRUE,FALSE,FALSE,1,1,7,Novak Djokovic,Daniil Medvedev,R,R,M,20210912,US Open,FALSE,4pm,Ashe,Hard,Damien Dumusois,5,1,Edo
4+f28v3*,ND,20210912-M-US_Open-F-Novak_Djokovic-Daniil_Medvedev,139,0,2,0,2,30-30,23 (5),1,0,NA,1,2,4+f28v3*,NA,NA,1,NA,1,NA,FALSE,FALSE,TRUE,FALSE,FALSE,FALSE,1,1,3,Novak Djokovic,Daniil Medvedev,R,R,M,20210912,US Open,FALSE,4pm,Ashe,Hard,Damien Dumusois,5,1,Edo
6f38b3b1*,ND,20210912-M-US_Open-F-Novak_Djokovic-Daniil_Medvedev,140,0,2,0,2,40-30,23 (6),1,0,NA,1,2,4d,6f38b3b1*,NA,0,0,0,1,FALSE,FALSE,TRUE,FALSE,FALSE,FALSE,2,0,4,Novak Djokovic,Daniil Medvedev,R,R,M,20210912,US Open,FALSE,4pm,Ashe,Hard,Damien Dumusois,5,1,Edo
4f28b3b2b1f1f3b3y3n@,ND,20210912-M-US_Open-F-Novak_Djokovic-Daniil_Medvedev,141,0,2,0,2,40-40,23 (7),1,0,NA,1,2,4n,4f28b3b2b1f1f3b3y3n@,NA,0,0,0,1,FALSE,FALSE,FALSE,FALSE,TRUE,FALSE,2,0,8,Novak Djokovic,Daniil Medvedev,R,R,M,20210912,US Open,FALSE,4pm,Ashe,Hard,Damien Dumusois,5,1,Edo
4+b28v1w@,ND,20210912-M-US_Open-F-Novak_Djokovic-Daniil_Medvedev,142,0,2,0,2,40-AD,23 (8),1,0,NA,1,2,4+b28v1w@,NA,NA,1,NA,1,NA,FALSE,FALSE,FALSE,FALSE,TRUE,FALSE,2,0,2,Novak Djokovic,Daniil Medvedev,R,R,M,20210912,US Open,FALSE,4pm,Ashe,Hard,Damien Dumusois,5,1,Edo
c4f2n#,DM,20210912-M-US_Open-F-Novak_Djokovic-Daniil_Medvedev,143,0,2,0,3,0-0,24 (1),1,0,NA,2,1,c4f2n#,NA,NA,0,NA,1,NA,FALSE,FALSE,FALSE,TRUE,FALSE,FALSE,2,1,1,Novak Djokovic,Daniil Medvedev,R,R,M,20210912,US Open,FALSE,4pm,Ashe,Hard,Damien Dumusois,5,1,Edo
4b38b3b3*,DM,20210912-M-US_Open-F-Novak_Djokovic-Daniil_Medvedev,144,0,2,0,3,15-0,24 (2),1,0,NA,2,1,6w,4b38b3b3*,NA,0,0,0,1,FALSE,FALSE,TRUE,FALSE,FALSE,FALSE,1,0,4,Novak Djokovic,Daniil Medvedev,R,R,M,20210912,US Open,FALSE,4pm,Ashe,Hard,Damien Dumusois,5,1,Edo
6*,DM,20210912-M-US_Open-F-Novak_Djokovic-Daniil_Medvedev,145,0,2,0,3,15-15,24 (3),1,0,NA,2,1,6*,NA,NA,0,NA,1,NA,TRUE,FALSE,FALSE,FALSE,FALSE,FALSE,2,1,1,Novak Djokovic,Daniil Medvedev,R,R,M,20210912,US Open,FALSE,4pm,Ashe,Hard,Damien Dumusois,5,1,Edo
6f2d@,DM,20210912-M-US_Open-F-Novak_Djokovic-Daniil_Medvedev,146,0,2,0,3,30-15,24 (4),1,0,NA,2,1,4n,6f2d@,NA,0,0,0,1,FALSE,FALSE,FALSE,FALSE,TRUE,FALSE,2,1,1,Novak Djokovic,Daniil Medvedev,R,R,M,20210912,US Open,FALSE,4pm,Ashe,Hard,Damien Dumusois,5,1,Edo
6b28b1r2b;3*,DM,20210912-M-US_Open-F-Novak_Djokovic-Daniil_Medvedev,147,0,2,0,3,40-15,24 (5),1,0,NA,2,1,4n,6b28b1r2b;3*,NA,0,0,0,1,FALSE,FALSE,TRUE,FALSE,FALSE,FALSE,2,1,5,Novak Djokovic,Daniil Medvedev,R,R,M,20210912,US Open,FALSE,4pm,Ashe,Hard,Damien Dumusois,5,1,Edo
c6s#,ND,20210912-M-US_Open-F-Novak_Djokovic-Daniil_Medvedev,148,0,2,0,4,0-0,25 (1),1,0,NA,1,2,c6s#,NA,NA,0,NA,1,NA,FALSE,FALSE,FALSE,TRUE,FALSE,FALSE,1,1,1,Novak Djokovic,Daniil Medvedev,R,R,M,20210912,US Open,FALSE,4pm,Ashe,Hard,Damien Dumusois,5,1,Edo
4b38b2f3d@,ND,20210912-M-US_Open-F-Novak_Djokovic-Daniil_Medvedev,149,0,2,0,4,15-0,25 (2),1,0,NA,1,2,4x,4b38b2f3d@,NA,0,0,0,1,FALSE,FALSE,FALSE,FALSE,TRUE,FALSE,1,1,3,Novak Djokovic,Daniil Medvedev,R,R,M,20210912,US Open,FALSE,4pm,Ashe,Hard,Damien Dumusois,5,1,Edo
4+f1w#,ND,20210912-M-US_Open-F-Novak_Djokovic-Daniil_Medvedev,150,0,2,0,4,30-0,25 (3),1,0,NA,1,2,4+f1w#,NA,NA,1,NA,1,NA,FALSE,FALSE,FALSE,TRUE,FALSE,FALSE,1,1,1,Novak Djokovic,Daniil Medvedev,R,R,M,20210912,US Open,FALSE,4pm,Ashe,Hard,Damien Dumusois,5,1,Edo
4+b3n#,ND,20210912-M-US_Open-F-Novak_Djokovic-Daniil_Medvedev,151,0,2,0,4,40-0,25 (4),1,0,NA,1,2,4+b3n#,NA,NA,1,NA,1,NA,FALSE,FALSE,FALSE,TRUE,FALSE,FALSE,1,1,1,Novak Djokovic,Daniil Medvedev,R,R,M,20210912,US Open,FALSE,4pm,Ashe,Hard,Damien Dumusois,5,1,Edo
5s37y1f1*,DM,20210912-M-US_Open-F-Novak_Djokovic-Daniil_Medvedev,152,0,2,1,4,0-0,26 (1),1,0,NA,2,1,5s37y1f1*,NA,NA,0,NA,1,NA,FALSE,FALSE,TRUE,FALSE,FALSE,FALSE,1,0,4,Novak Djokovic,Daniil Medvedev,R,R,M,20210912,US Open,FALSE,4pm,Ashe,Hard,Damien Dumusois,5,1,Edo
4*,DM,20210912-M-US_Open-F-Novak_Djokovic-Daniil_Medvedev,153,0,2,1,4,0-15,26 (2),1,0,NA,2,1,4*,NA,NA,0,NA,1,NA,TRUE,FALSE,FALSE,FALSE,FALSE,FALSE,2,1,1,Novak Djokovic,Daniil Medvedev,R,R,M,20210912,US Open,FALSE,4pm,Ashe,Hard,Damien Dumusois,5,1,Edo
4n,DM,20210912-M-US_Open-F-Novak_Djokovic-Daniil_Medvedev,154,0,2,1,4,15-15,26 (3),1,0,NA,2,1,6n,4n,NA,0,0,0,0,FALSE,FALSE,FALSE,FALSE,FALSE,TRUE,1,0,0,Novak Djokovic,Daniil Medvedev,R,R,M,20210912,US Open,FALSE,4pm,Ashe,Hard,Damien Dumusois,5,1,Edo
4b38b1f2b;3*,DM,20210912-M-US_Open-F-Novak_Djokovic-Daniil_Medvedev,155,0,2,1,4,15-30,26 (4),1,0,NA,2,1,4n,4b38b1f2b;3*,NA,0,0,0,1,FALSE,FALSE,TRUE,FALSE,FALSE,FALSE,2,1,5,Novak Djokovic,Daniil Medvedev,R,R,M,20210912,US Open,FALSE,4pm,Ashe,Hard,Damien Dumusois,5,1,Edo
4f28f2b3b3b2b3b2b2f1f1f1f3b3b3b3b3b3n@,DM,20210912-M-US_Open-F-Novak_Djokovic-Daniil_Medvedev,156,0,2,1,4,30-30,26 (5),1,0,NA,2,1,6d,4f28f2b3b3b2b3b2b2f1f1f1f3b3b3b3b3b3n@,NA,0,0,0,1,FALSE,FALSE,FALSE,FALSE,TRUE,FALSE,2,1,17,Novak Djokovic,Daniil Medvedev,R,R,M,20210912,US Open,FALSE,4pm,Ashe,Hard,Damien Dumusois,5,1,Edo
6f2n#,DM,20210912-M-US_Open-F-Novak_Djokovic-Daniil_Medvedev,157,0,2,1,4,40-30,26 (6),1,0,NA,2,1,4n,6f2n#,NA,0,0,0,1,FALSE,FALSE,FALSE,TRUE,FALSE,FALSE,2,1,1,Novak Djokovic,Daniil Medvedev,R,R,M,20210912,US Open,FALSE,4pm,Ashe,Hard,Damien Dumusois,5,1,Edo
5b27b+3b3n@,ND,20210912-M-US_Open-F-Novak_Djokovic-Daniil_Medvedev,158,0,2,1,5,0-0,27 (1),1,0,NA,1,2,5b27b+3b3n@,NA,NA,0,NA,1,NA,FALSE,FALSE,FALSE,FALSE,TRUE,FALSE,1,1,3,Novak Djokovic,Daniil Medvedev,R,R,M,20210912,US Open,FALSE,4pm,Ashe,Hard,Damien Dumusois,5,1,Edo
6f28f3b2f2f+3s3w#,ND,20210912-M-US_Open-F-Novak_Djokovic-Daniil_Medvedev,159,0,2,1,5,15-0,27 (2),1,0,NA,1,2,6w,6f28f3b2f2f+3s3w#,NA,0,0,0,1,FALSE,FALSE,FALSE,TRUE,FALSE,FALSE,2,0,6,Novak Djokovic,Daniil Medvedev,R,R,M,20210912,US Open,FALSE,4pm,Ashe,Hard,Damien Dumusois,5,1,Edo
6+b27z^1*,ND,20210912-M-US_Open-F-Novak_Djokovic-Daniil_Medvedev,160,0,2,1,5,15-15,27 (3),1,0,NA,1,2,6+b27z^1*,NA,NA,1,NA,1,NA,FALSE,FALSE,TRUE,FALSE,FALSE,FALSE,1,1,3,Novak Djokovic,Daniil Medvedev,R,R,M,20210912,US Open,FALSE,4pm,Ashe,Hard,Damien Dumusois,5,1,Edo
6f28f3n@,ND,20210912-M-US_Open-F-Novak_Djokovic-Daniil_Medvedev,161,0,2,1,5,30-15,27 (4),1,0,NA,1,2,6f28f3n@,NA,NA,0,NA,1,NA,FALSE,FALSE,FALSE,FALSE,TRUE,FALSE,2,0,2,Novak Djokovic,Daniil Medvedev,R,R,M,20210912,US Open,FALSE,4pm,Ashe,Hard,Damien Dumusois,5,1,Edo
4*,ND,20210912-M-US_Open-F-Novak_Djokovic-Daniil_Medvedev,162,0,2,1,5,30-30,27 (5),1,0,NA,1,2,4*,NA,NA,0,NA,1,NA,TRUE,FALSE,FALSE,FALSE,FALSE,FALSE,1,1,1,Novak Djokovic,Daniil Medvedev,R,R,M,20210912,US Open,FALSE,4pm,Ashe,Hard,Damien Dumusois,5,1,Edo
4+b3n#,ND,20210912-M-US_Open-F-Novak_Djokovic-Daniil_Medvedev,163,0,2,1,5,40-30,27 (6),1,0,NA,1,2,4+b3n#,NA,NA,1,NA,1,NA,FALSE,FALSE,FALSE,TRUE,FALSE,FALSE,1,1,1,Novak Djokovic,Daniil Medvedev,R,R,M,20210912,US Open,FALSE,4pm,Ashe,Hard,Damien Dumusois,5,1,Edo
6b28b2b1f1f1*,DM,20210912-M-US_Open-F-Novak_Djokovic-Daniil_Medvedev,164,0,2,2,5,0-0,28 (1),1,0,NA,2,1,6b28b2b1f1f1*,NA,NA,0,NA,1,NA,FALSE,FALSE,TRUE,FALSE,FALSE,FALSE,1,0,6,Novak Djokovic,Daniil Medvedev,R,R,M,20210912,US Open,FALSE,4pm,Ashe,Hard,Damien Dumusois,5,1,Edo
6*,DM,20210912-M-US_Open-F-Novak_Djokovic-Daniil_Medvedev,165,0,2,2,5,0-15,28 (2),1,0,NA,2,1,6*,NA,NA,0,NA,1,NA,TRUE,FALSE,FALSE,FALSE,FALSE,FALSE,2,1,1,Novak Djokovic,Daniil Medvedev,R,R,M,20210912,US Open,FALSE,4pm,Ashe,Hard,Damien Dumusois,5,1,Edo
4d,DM,20210912-M-US_Open-F-Novak_Djokovic-Daniil_Medvedev,166,0,2,2,5,15-15,28 (3),1,0,NA,2,1,4w,4d,NA,0,0,0,0,FALSE,FALSE,FALSE,FALSE,FALSE,TRUE,1,0,0,Novak Djokovic,Daniil Medvedev,R,R,M,20210912,US Open,FALSE,4pm,Ashe,Hard,Damien Dumusois,5,1,Edo
6r2d#,DM,20210912-M-US_Open-F-Novak_Djokovic-Daniil_Medvedev,167,0,2,2,5,15-30,28 (4),1,0,NA,2,1,6r2d#,NA,NA,0,NA,1,NA,FALSE,FALSE,FALSE,TRUE,FALSE,FALSE,2,1,1,Novak Djokovic,Daniil Medvedev,R,R,M,20210912,US Open,FALSE,4pm,Ashe,Hard,Damien Dumusois,5,1,Edo
4f18f2s3f1f1f2f+3d@,DM,20210912-M-US_Open-F-Novak_Djokovic-Daniil_Medvedev,168,0,2,2,5,30-30,28 (5),1,0,NA,2,1,4f18f2s3f1f1f2f+3d@,NA,NA,0,NA,1,NA,FALSE,FALSE,FALSE,FALSE,TRUE,FALSE,2,1,7,Novak Djokovic,Daniil Medvedev,R,R,M,20210912,US Open,FALSE,4pm,Ashe,Hard,Damien Dumusois,5,1,Edo
6n,DM,20210912-M-US_Open-F-Novak_Djokovic-Daniil_Medvedev,169,0,2,2,5,40-30,28 (6),1,0,NA,2,1,4n,6n,NA,0,0,0,0,FALSE,FALSE,FALSE,FALSE,FALSE,TRUE,1,0,0,Novak Djokovic,Daniil Medvedev,R,R,M,20210912,US Open,FALSE,4pm,Ashe,Hard,Damien Dumusois,5,1,Edo
6n,DM,20210912-M-US_Open-F-Novak_Djokovic-Daniil_Medvedev,170,0,2,2,5,40-40,28 (7),1,0,NA,2,1,6w,6n,NA,0,0,0,0,FALSE,FALSE,FALSE,FALSE,FALSE,TRUE,1,0,0,Novak Djokovic,Daniil Medvedev,R,R,M,20210912,US Open,FALSE,4pm,Ashe,Hard,Damien Dumusois,5,1,Edo
6f28f3n@,DM,20210912-M-US_Open-F-Novak_Djokovic-Daniil_Medvedev,171,0,2,2,5,40-AD,28 (8),1,0,NA,2,1,6f28f3n@,NA,NA,0,NA,1,NA,FALSE,FALSE,FALSE,FALSE,TRUE,FALSE,1,0,2,Novak Djokovic,Daniil Medvedev,R,R,M,20210912,US Open,FALSE,4pm,Ashe,Hard,Damien Dumusois,5,1,Edo
4f38b3b2n#,ND,20210912-M-US_Open-F-Novak_Djokovic-Daniil_Medvedev,172,0,2,3,5,0-0,29 (1),1,0,NA,1,2,4f38b3b2n#,NA,NA,0,NA,1,NA,FALSE,FALSE,FALSE,TRUE,FALSE,FALSE,1,1,3,Novak Djokovic,Daniil Medvedev,R,R,M,20210912,US Open,FALSE,4pm,Ashe,Hard,Damien Dumusois,5,1,Edo
4b38b2f2f2b2f1f1f1d#,ND,20210912-M-US_Open-F-Novak_Djokovic-Daniil_Medvedev,173,0,2,3,5,15-0,29 (2),1,0,NA,1,2,6n,4b38b2f2f2b2f1f1f1d#,NA,0,0,0,1,FALSE,FALSE,FALSE,TRUE,FALSE,FALSE,2,0,8,Novak Djokovic,Daniil Medvedev,R,R,M,20210912,US Open,FALSE,4pm,Ashe,Hard,Damien Dumusois,5,1,Edo
4f18f3b2d#,ND,20210912-M-US_Open-F-Novak_Djokovic-Daniil_Medvedev,174,0,2,3,5,15-15,29 (3),1,0,NA,1,2,4w,4f18f3b2d#,NA,0,0,0,1,FALSE,FALSE,FALSE,TRUE,FALSE,FALSE,1,1,3,Novak Djokovic,Daniil Medvedev,R,R,M,20210912,US Open,FALSE,4pm,Ashe,Hard,Damien Dumusois,5,1,Edo
5f18f2f3w@,ND,20210912-M-US_Open-F-Novak_Djokovic-Daniil_Medvedev,175,0,2,3,5,30-15,29 (4),1,0,NA,1,2,6n,5f18f2f3w@,NA,0,0,0,1,FALSE,FALSE,FALSE,FALSE,TRUE,FALSE,1,1,3,Novak Djokovic,Daniil Medvedev,R,R,M,20210912,US Open,FALSE,4pm,Ashe,Hard,Damien Dumusois,5,1,Edo
4+f1d#,ND,20210912-M-US_Open-F-Novak_Djokovic-Daniil_Medvedev,176,0,2,3,5,40-15,29 (5),1,0,NA,1,2,4+f1d#,NA,NA,1,NA,1,NA,FALSE,FALSE,FALSE,TRUE,FALSE,FALSE,1,1,1,Novak Djokovic,Daniil Medvedev,R,R,M,20210912,US Open,FALSE,4pm,Ashe,Hard,Damien Dumusois,5,1,Edo
6b28f2b2b3b1f1f1f3b3b2f1f1f3b2f1f2f3b3b1f1f3d@,DM,20210912-M-US_Open-F-Novak_Djokovic-Daniil_Medvedev,177,0,2,4,5,0-0,30 (1),1,0,NA,2,1,6b28f2b2b3b1f1f1f3b3b2f1f1f3b2f1f2f3b3b1f1f3d@,NA,NA,0,NA,1,NA,FALSE,FALSE,FALSE,FALSE,TRUE,FALSE,2,1,21,Novak Djokovic,Daniil Medvedev,R,R,M,20210912,US Open,FALSE,4pm,Ashe,Hard,Damien Dumusois,5,1,Edo
4b37b1f2f3b2f3b3b1f1f1f3b3s3s1f+3n@,DM,20210912-M-US_Open-F-Novak_Djokovic-Daniil_Medvedev,178,0,2,4,5,15-0,30 (2),1,0,NA,2,1,4x,4b37b1f2f3b2f3b3b1f1f1f3b3s3s1f+3n@,NA,0,0,0,1,FALSE,FALSE,FALSE,FALSE,TRUE,FALSE,2,1,15,Novak Djokovic,Daniil Medvedev,R,R,M,20210912,US Open,FALSE,4pm,Ashe,Hard,Damien Dumusois,5,1,Edo
5f38b3b1f1d#,DM,20210912-M-US_Open-F-Novak_Djokovic-Daniil_Medvedev,179,0,2,4,5,30-0,30 (3),1,0,NA,2,1,6d,5f38b3b1f1d#,NA,0,0,0,1,FALSE,FALSE,FALSE,TRUE,FALSE,FALSE,1,0,4,Novak Djokovic,Daniil Medvedev,R,R,M,20210912,US Open,FALSE,4pm,Ashe,Hard,Damien Dumusois,5,1,Edo
4b38b1r2f3*,DM,20210912-M-US_Open-F-Novak_Djokovic-Daniil_Medvedev,180,0,2,4,5,30-15,30 (4),1,0,NA,2,1,4w,4b38b1r2f3*,NA,0,0,0,1,FALSE,FALSE,TRUE,FALSE,FALSE,FALSE,2,1,5,Novak Djokovic,Daniil Medvedev,R,R,M,20210912,US Open,FALSE,4pm,Ashe,Hard,Damien Dumusois,5,1,Edo
4n,DM,20210912-M-US_Open-F-Novak_Djokovic-Daniil_Medvedev,181,0,2,4,5,40-15,30 (5),1,0,NA,2,1,6n,4n,NA,0,0,0,0,FALSE,FALSE,FALSE,FALSE,FALSE,TRUE,1,0,0,Novak Djokovic,Daniil Medvedev,R,R,M,20210912,US Open,FALSE,4pm,Ashe,Hard,Damien Dumusois,5,1,Edo
4s3n#,DM,20210912-M-US_Open-F-Novak_Djokovic-Daniil_Medvedev,182,0,2,4,5,40-30,30 (6),1,0,NA,2,1,4s3n#,NA,NA,0,NA,1,NA,FALSE,FALSE,FALSE,TRUE,FALSE,FALSE,2,1,1,Novak Djokovic,Daniil Medvedev,R,R,M,20210912,US Open,FALSE,4pm,Ashe,Hard,Damien Dumusois,5,1,Edo
