time_year,GPA,Tattoo
06,3.85,NA
06,3.56,NA
06,3.5,NA
06,3.4,NA
06,2.9,NA
06,3.5,NA
06,NA,NA
06,NA,NA
06,3.1,NA
06,3.25,NA
06,3.25,NA
06,NA,NA
06,3.2,NA
06,3,NA
06,2.3,NA
06,2.8,NA
06,2.5,NA
06,3.33,NA
06,NA,NA
06,2.9,NA
06,3.4,NA
06,NA,NA
06,3.4,NA
06,3.5,NA
06,3.1,NA
06,2.7,NA
06,3,NA
06,3.25,NA
06,3.5,NA
06,3.12,NA
06,2.89,NA
06,3.25,NA
06,3.3,NA
06,2.8,NA
06,3.1,NA
06,3.2,NA
06,2.5,NA
06,3.5,NA
06,NA,NA
06,2.9,NA
06,3.75,NA
06,2,NA
06,3.14,NA
06,3.25,NA
06,3.6,NA
06,NA,NA
06,2.65,NA
06,3.4,NA
06,3.2,NA
06,NA,NA
06,NA,NA
06,3.35,NA
06,2.8,NA
06,NA,NA
06,3.33,NA
06,2.8,NA
06,3.2,NA
06,NA,NA
06,3.5,NA
06,3.58,NA
06,3.71,NA
06,3.25,NA
06,NA,NA
06,3.34,NA
06,NA,NA
06,3.3,NA
06,3,NA
06,2.6,NA
06,NA,NA
06,2.3,NA
06,3,NA
06,3,NA
06,3.87,NA
06,3.45,NA
06,2.9,NA
06,2.87,NA
06,3.88,NA
06,3.25,NA
06,3.4,NA
06,3.55,NA
06,2.7,NA
06,3,NA
06,2.68,NA
06,3.2,NA
06,3.5,NA
06,3.9,NA
06,3.07,NA
06,3.6,NA
06,3.48,NA
06,3.3,NA
06,3.2,NA
06,3.4,NA
06,2.9,NA
06,3.75,NA
06,2.6,NA
06,3.2,NA
06,NA,NA
06,3,NA
06,3.1,NA
06,3.62,NA
06,3.4,NA
06,3.33,NA
06,3.5,NA
06,NA,NA
06,3,NA
06,2.97,NA
06,3.6,NA
06,3.74,NA
06,NA,NA
06,3.3,NA
06,3.78,NA
06,2.9,NA
06,2.8,NA
06,NA,NA
06,NA,NA
06,3.67,NA
06,NA,NA
06,3.2,NA
06,2.82,NA
06,NA,NA
06,3.4,NA
06,3.64,NA
06,2.7,NA
06,NA,NA
06,3.62,NA
06,NA,NA
06,NA,NA
06,2.75,NA
06,3.5,NA
06,NA,NA
06,3,NA
06,NA,NA
06,NA,NA
06,3,NA
06,3.31,NA
06,3.43,NA
06,3.7,NA
06,NA,NA
06,NA,NA
06,3.4,NA
06,3.3,NA
06,NA,NA
06,3.7,NA
06,3,NA
06,3.61,NA
06,3.85,NA
06,3.4,NA
06,3.55,NA
06,3.3,NA
06,3.15,NA
06,2.7,NA
06,3.4,NA
06,3.56,NA
06,3.34,NA
06,2.5,NA
06,2.5,NA
06,3,NA
06,3.2,NA
06,3.78,NA
06,3,NA
06,3.3,NA
06,NA,NA
06,3.1,NA
06,2.5,NA
06,3,NA
06,2.8,NA
06,2.97,NA
06,3.2,NA
06,NA,NA
06,3.78,NA
06,2.5,NA
06,3.75,NA
06,3.2,NA
06,3.5,NA
06,3.22,NA
06,3.4,NA
06,3.48,NA
06,2.8,NA
06,3.32,NA
06,3.21,NA
06,NA,NA
06,2.58,NA
06,2.6,NA
06,3.29,NA
06,NA,NA
06,3.25,NA
06,2.8,NA
06,3.5,NA
06,3.2,NA
06,2.98,NA
06,3.75,NA
06,3.48,NA
06,2.75,NA
06,3.5,NA
06,3,NA
06,3.5,NA
06,3.5,NA
06,2.9,NA
06,NA,NA
06,2.9,NA
06,2.1,NA
06,NA,NA
06,3.4,NA
06,3.15,NA
06,2.64,NA
06,3.3,NA
06,3.4,NA
06,2.9,NA
06,NA,NA
06,3.5,NA
06,2.9,NA
06,3,NA
06,NA,NA
06,3.5,NA
06,NA,NA
06,2.5,NA
06,NA,NA
06,2.4,NA
06,NA,NA
06,3.17,NA
06,NA,NA
06,2.85,NA
06,3.3,NA
06,3.4,NA
06,NA,NA
06,3.45,NA
06,2.97,NA
06,3.9,NA
06,3.46,NA
06,2.7,NA
06,NA,NA
06,3.3,NA
06,3.7,NA
06,NA,NA
06,NA,NA
06,2,NA
06,NA,NA
06,3.6,NA
06,3.4,NA
06,3.25,NA
06,3.2,NA
06,3.3,NA
06,3.1,NA
06,3.47,NA
06,3,NA
06,3.2,NA
06,NA,NA
06,2.6,NA
06,NA,NA
06,3.4,NA
06,NA,NA
06,2.8,NA
06,NA,NA
06,3.4,NA
06,2.7,NA
06,2.95,NA
06,NA,NA
06,3.2,NA
06,NA,NA
06,NA,NA
06,3,NA
07,3,NA
07,3.25,NA
07,2.9,NA
07,3.15,NA
07,3.72,NA
07,3.6,NA
07,3,NA
07,3.6,NA
07,3.4,NA
07,3,NA
07,3.3,NA
07,NA,NA
07,3.2,NA
07,3.83,NA
07,NA,NA
07,3,NA
07,2.5,NA
07,3.2,NA
07,3.3,NA
07,3,NA
07,NA,NA
07,3.85,NA
07,3.8,NA
07,2.6,NA
07,3.3,NA
07,3.02,NA
07,3.2,NA
07,3.5,NA
07,3.69,NA
07,3.67,NA
07,2.75,NA
07,3,NA
07,NA,NA
07,3.33,NA
07,2.5,NA
07,3.35,NA
07,NA,NA
07,NA,NA
07,3.4,NA
07,3.8,NA
07,3.3,NA
07,NA,NA
07,3.4,NA
07,3.3,NA
07,3.4,NA
07,3.22,NA
07,NA,NA
07,3.26,NA
07,2.2,NA
07,2.9,NA
07,3.33,NA
07,3.4,NA
07,NA,NA
07,2.3,NA
07,3.2,NA
07,3.59,NA
07,3,NA
07,NA,NA
07,2.8,NA
07,2.47,NA
07,2.5,NA
07,NA,NA
07,3.58,NA
07,3.6,NA
07,3,NA
07,3.3,NA
07,2.8,NA
07,3.48,NA
07,3.89,NA
07,3.4,NA
07,3,NA
07,3.5,NA
07,NA,NA
07,NA,NA
07,NA,NA
07,NA,NA
07,3,NA
07,NA,NA
07,NA,NA
07,3.77,NA
07,3.25,NA
07,3.3,NA
07,3.13,NA
07,3.51,NA
07,3.45,NA
07,NA,NA
07,3.6,NA
07,3.25,NA
07,NA,NA
07,2.2,NA
07,3.1,NA
07,3,NA
07,3.25,NA
07,3.21,NA
07,2.25,NA
07,3.4,NA
07,3.4,NA
07,NA,NA
07,3.7,NA
07,3.73,NA
07,3.3,NA
07,3.16,NA
07,3.5,NA
07,NA,NA
07,2.85,NA
07,NA,NA
07,3.58,NA
07,2.99,NA
07,3.05,NA
07,3.27,NA
07,NA,NA
07,NA,NA
07,3.1,NA
07,2.6,NA
07,3.6,NA
07,3.7,NA
07,NA,NA
07,2.93,NA
07,2.6,NA
07,2.75,NA
07,3.55,NA
07,2.5,NA
07,NA,NA
07,3.2,NA
07,NA,NA
07,2.8,NA
07,3.4,NA
07,2.94,NA
07,3.57,NA
07,3,NA
07,3.4,NA
07,3.08,NA
07,NA,NA
07,3.2,NA
07,3.61,NA
07,NA,NA
07,2.75,NA
07,3.3,NA
07,2.8,NA
07,3,NA
07,NA,NA
07,3,NA
07,NA,NA
07,3.4,NA
07,2.75,NA
07,NA,NA
07,3,NA
07,3.1,NA
07,3,NA
07,3.7,NA
07,3.83,NA
07,2.9,NA
07,2.7,NA
07,3.4,NA
07,NA,NA
07,2.76,NA
07,3.2,NA
07,2.23,NA
07,NA,NA
07,3.4,NA
07,2.6,NA
07,NA,NA
07,3.7,NA
07,3.6,NA
07,2.2,NA
07,3,NA
07,3,NA
07,3.25,NA
07,2.5,NA
07,3.5,NA
07,NA,NA
07,3.4,NA
07,2.5,NA
07,3.31,NA
07,3.3,NA
07,3.3,NA
07,2.83,NA
07,3.5,NA
07,3,NA
07,3,NA
07,3.05,NA
07,3.3,NA
07,3.48,NA
07,2.5,NA
07,3,NA
07,3.6,NA
07,3.7,NA
07,3.37,NA
07,NA,NA
07,NA,NA
07,NA,NA
07,NA,NA
07,3.4,NA
07,3,NA
07,2.8,NA
07,NA,NA
07,NA,NA
07,3.4,NA
07,3.23,NA
07,2.72,NA
07,2.2,NA
07,NA,NA
07,3.79,NA
07,3.5,NA
07,2.8,NA
07,3.81,NA
07,2.4,NA
07,2.2,NA
07,3.3,NA
07,2.6,NA
07,2.4,NA
07,3.5,NA
07,2.83,NA
07,3.5,NA
07,2.1,NA
07,3.13,NA
07,2.8,NA
07,3.2,NA
07,NA,NA
07,3,NA
07,2.82,NA
07,2.5,NA
07,3.6,NA
07,3.35,NA
07,2.3,NA
07,NA,NA
07,3.4,NA
07,3.89,NA
07,2.77,NA
07,3.6,NA
07,2.8,NA
07,3.2,NA
07,3.3,NA
07,2.7,NA
07,3.3,NA
07,2.5,NA
07,NA,NA
07,3.78,NA
07,2.9,NA
07,NA,NA
07,3.6,NA
07,3.3,NA
07,3.25,NA
07,3.14,NA
07,2.8,NA
07,NA,NA
07,3.7,NA
07,3.68,NA
07,3.84,NA
07,3.88,NA
07,NA,NA
07,3.75,NA
07,3.7,NA
07,3.5,NA
07,2.85,NA
07,NA,NA
07,3.8,NA
07,3.3,NA
07,3.6,NA
07,NA,NA
07,2.5,NA
07,3.25,NA
07,3.7,NA
07,3.25,NA
07,NA,NA
07,3,NA
07,3,NA
07,2.7,NA
07,3.5,NA
07,3.05,NA
07,2.8,NA
07,NA,NA
07,3.5,NA
07,2.9,NA
07,2.9,NA
07,NA,NA
07,2.9,NA
09,2.4,NA
09,NA,NA
09,NA,NA
09,3,NA
09,2.75,NA
09,NA,NA
09,3.55,NA
09,NA,NA
09,NA,NA
09,3.2,NA
09,3.7,NA
09,3.5,NA
09,NA,NA
09,NA,NA
09,NA,NA
09,1.9,NA
09,3.5,NA
09,NA,NA
09,3.66,NA
09,NA,NA
09,NA,NA
09,NA,NA
09,NA,NA
09,3.2,NA
09,NA,NA
09,3.94,NA
09,3.4,NA
09,NA,NA
09,3.2,NA
09,2.75,NA
09,3.3,NA
09,NA,NA
09,3,NA
09,2.8,NA
09,NA,NA
09,NA,NA
09,3.3,NA
09,NA,NA
09,3.33,NA
09,3,NA
09,3.18,NA
09,3,NA
09,3.72,NA
09,3,NA
09,NA,NA
09,3,NA
09,NA,NA
09,3.27,NA
09,NA,NA
09,3,NA
09,2.2,NA
09,3.2,NA
09,NA,NA
09,NA,NA
09,3.5,NA
09,NA,NA
09,NA,NA
09,NA,NA
09,3,NA
09,NA,NA
09,NA,NA
09,3.7,NA
09,3.56,NA
09,3.6,NA
09,3.66,NA
09,NA,NA
09,2.3,NA
09,3.43,NA
09,2.89,NA
09,3.26,NA
09,NA,NA
09,NA,NA
09,2.7,NA
09,3.3,NA
09,3.71,NA
09,3,NA
09,NA,NA
09,NA,NA
09,3,NA
09,3.5,NA
09,NA,NA
09,2.5,NA
09,2.5,NA
09,NA,NA
09,3.4,NA
09,3.6,NA
09,NA,NA
09,3.25,NA
09,3.5,NA
09,3,NA
09,3,NA
09,3.4,NA
09,NA,NA
09,3.75,NA
09,2.5,NA
09,3,NA
09,2.9,NA
09,NA,NA
09,NA,NA
09,2.1,NA
09,NA,NA
09,3.5,NA
09,NA,NA
09,NA,NA
09,2.77,NA
09,3.3,NA
09,NA,NA
09,3.2,NA
09,3.5,NA
09,3.1,NA
09,2.6,NA
09,2.64,NA
09,2.9,NA
09,3.79,NA
09,NA,NA
09,2.5,NA
09,3.2,NA
09,3.25,NA
09,NA,NA
09,3.3,NA
09,NA,NA
09,3.2,NA
09,2.95,NA
09,3.25,NA
09,3,NA
09,3.1,NA
09,3,NA
09,3.45,NA
09,3.33,NA
09,3.3,NA
09,3.2,NA
09,3.5,NA
09,2.8,NA
09,NA,NA
09,3.44,NA
09,3,NA
09,3.49,NA
09,NA,NA
09,3.3,NA
09,NA,NA
09,NA,NA
09,3,NA
09,3,NA
09,NA,NA
09,3.8,NA
09,3.3,NA
09,3.07,NA
09,2.8,NA
09,3,NA
09,NA,NA
09,3.65,NA
09,1.96,NA
09,3.34,NA
09,2.3,NA
09,3.25,NA
09,3.4,NA
09,NA,NA
09,2.87,NA
09,3.58,NA
09,NA,NA
09,NA,NA
09,3.1,NA
09,3.25,NA
09,3.3,NA
09,3.3,NA
09,3.48,NA
09,3.36,NA
09,NA,NA
09,NA,NA
09,3.48,NA
09,3.4,NA
09,NA,NA
09,3,NA
09,3.1,NA
09,3.66,NA
09,NA,NA
09,2.7,NA
09,3.3,NA
09,3.6,NA
09,3.8,NA
09,NA,NA
09,3.51,NA
09,3.77,NA
09,2.6,NA
09,2.75,NA
09,3.55,NA
09,2.9,NA
09,3.05,NA
09,NA,NA
09,3.6,NA
09,3,NA
09,3.2,NA
09,NA,NA
09,3.88,NA
09,3.1,NA
09,NA,NA
09,2.5,NA
09,3.2,NA
09,3,NA
09,NA,NA
09,NA,NA
09,3.6,NA
09,3.68,NA
09,NA,NA
09,2.9,NA
09,3,NA
09,3.75,NA
09,3.3,NA
09,NA,NA
09,2.8,NA
09,2.75,NA
09,3,NA
09,3.2,NA
09,2.8,NA
09,NA,NA
09,3.1,NA
09,3.8,NA
09,3.25,NA
09,3.77,NA
09,3.2,NA
09,3,NA
09,NA,NA
09,2.8,NA
09,3.56,NA
09,2.64,NA
09,2.68,NA
09,NA,NA
09,2.5,NA
09,NA,NA
09,2.9,NA
09,3.1,NA
09,3,NA
09,NA,NA
09,NA,NA
09,2.5,NA
09,3.2,NA
09,3,NA
09,NA,NA
09,2.75,NA
09,2.9,NA
09,3.4,NA
09,3.94,NA
09,3.33,NA
09,2.7,NA
09,3.5,NA
09,3.1,NA
09,3,NA
09,3,NA
09,3,NA
09,3.74,NA
09,NA,NA
09,NA,NA
09,3.3,NA
09,3.5,NA
09,2.7,NA
09,NA,NA
09,3.3,NA
09,3,NA
09,3.77,NA
09,2.87,NA
09,NA,NA
09,3.2,NA
09,3.31,NA
09,3.66,NA
09,3.1,NA
09,NA,NA
09,3,NA
09,3.7,NA
09,3.3,NA
09,3.33,NA
09,NA,NA
09,3,NA
09,3.2,NA
09,NA,NA
09,3.48,NA
09,3.4,NA
09,3.1,NA
09,3,NA
09,3,NA
09,3.64,NA
09,NA,NA
09,3.6,NA
09,2.9,NA
09,3.5,NA
09,3.35,NA
09,NA,NA
09,2.3,NA
09,3.01,NA
09,NA,NA
09,NA,NA
09,3.2,NA
09,NA,NA
09,NA,NA
09,3.25,NA
09,3.4,NA
09,2.5,NA
09,3.83,NA
09,2.3,NA
09,3.35,NA
09,3.2,NA
09,3.5,NA
09,2.2,NA
09,2.81,NA
09,3.72,NA
09,3.19,NA
09,NA,NA
09,NA,NA
09,3.08,NA
10,2.3,NA
10,3.35,NA
10,NA,NA
10,NA,NA
10,2.72,NA
10,3.5,NA
10,3.4,NA
10,NA,NA
10,3,NA
10,2.4,NA
10,NA,NA
10,2.5,NA
10,2.9,NA
10,2.4,NA
10,2.68,NA
10,1.8,NA
10,2.68,NA
10,3.2,NA
10,3.07,NA
10,3.9,NA
10,NA,NA
10,2.6,NA
10,3.43,NA
10,2.9,NA
10,3.52,NA
10,3.3,NA
10,3,NA
10,NA,NA
10,NA,NA
10,3.1,NA
10,2.84,NA
10,3.6,NA
10,3.4,NA
10,NA,NA
10,2.9,NA
10,NA,NA
10,3.78,NA
10,NA,NA
10,2.7,NA
10,3.41,NA
10,3.37,NA
10,3.55,NA
10,2.07,NA
10,3.86,NA
10,3.9,NA
10,3.81,NA
10,3.55,NA
10,2.4,NA
10,NA,NA
10,3.8,NA
10,3,NA
10,3,NA
10,3.34,NA
10,2.55,NA
10,NA,NA
10,3.5,NA
10,NA,NA
10,3.2,NA
10,NA,NA
10,3,NA
10,2.4,NA
10,NA,NA
10,NA,NA
10,3.17,NA
10,3.6,NA
10,NA,NA
10,NA,NA
10,2.8,NA
10,3.47,NA
10,3.82,NA
10,NA,NA
10,3.75,NA
10,NA,NA
10,3,NA
10,2.8,NA
10,3.1,NA
10,2.6,NA
10,3.69,NA
10,2.8,NA
10,3.79,NA
10,3.51,NA
10,2.8,NA
10,NA,NA
10,2.94,NA
10,3.4,NA
10,2.16,NA
10,NA,NA
10,NA,NA
10,3,NA
10,3.52,NA
10,NA,NA
10,2.6,NA
10,3.25,NA
10,3.56,NA
10,3.64,NA
10,3.5,NA
10,3.4,NA
10,3.8,NA
10,4,NA
10,2.55,NA
10,3,NA
10,3.2,NA
10,3,NA
10,NA,NA
10,3.7,NA
10,3.5,NA
10,3.27,NA
10,NA,NA
10,NA,NA
10,2.9,NA
10,3.33,NA
10,3.5,NA
10,2,NA
10,3.2,NA
10,3.1,NA
10,NA,NA
10,2.5,NA
10,2.64,NA
10,3.1,NA
10,NA,NA
10,3.1,NA
10,NA,NA
10,3.1,NA
10,NA,NA
10,NA,NA
10,3.3,NA
10,NA,NA
10,3.7,NA
10,3.1,NA
10,3.1,NA
10,2.8,NA
10,2.3,NA
10,3.3,NA
10,3.38,NA
10,3.19,NA
10,3.3,NA
10,3.06,NA
10,NA,NA
10,3.35,NA
10,NA,NA
10,NA,NA
10,3.75,NA
10,3.7,NA
10,2.38,NA
10,2.6,NA
10,3.35,NA
10,NA,NA
10,NA,NA
10,3.66,NA
10,NA,NA
10,3.4,NA
10,NA,NA
10,NA,NA
10,3.7,NA
10,4,NA
10,3.19,NA
10,3.5,NA
10,3.17,NA
10,2.96,NA
10,3.23,NA
10,3,NA
10,NA,NA
10,3.19,NA
10,2.9,NA
10,3.6,NA
10,3.1,NA
10,3.37,NA
10,3.2,NA
10,2.15,NA
10,3,NA
10,3.11,NA
10,NA,NA
10,3,NA
10,3.6,NA
10,NA,NA
10,3.6,NA
10,3,NA
10,NA,NA
10,2.9,NA
10,NA,NA
10,3.4,NA
10,NA,NA
10,3.25,NA
10,3.34,NA
10,NA,NA
10,2.8,NA
10,3.4,NA
10,3.8,NA
10,NA,NA
10,NA,NA
10,2.56,NA
10,3.55,NA
10,NA,NA
10,2.89,NA
10,NA,NA
10,3.6,NA
10,3.18,NA
10,3.2,NA
10,3,NA
10,3.2,NA
10,3,NA
10,3,NA
10,3.1,NA
10,3.25,NA
10,3.72,NA
10,3,NA
10,3.4,NA
10,3.1,NA
10,2.9,NA
10,2.75,NA
10,2.9,NA
10,2.75,NA
10,3.1,NA
10,NA,NA
10,3.1,NA
10,3.3,NA
10,3.23,NA
10,NA,NA
10,2.6,NA
10,3.2,NA
10,3.25,NA
10,2.2,NA
10,3.7,NA
10,2.9,NA
10,3.7,NA
10,2.78,NA
10,3.4,NA
10,NA,NA
10,2.7,NA
10,3.4,NA
10,NA,NA
10,NA,NA
10,3.1,NA
10,3.1,NA
10,3.4,NA
10,3.5,NA
10,3.9,NA
10,3.8,NA
10,NA,NA
10,3,NA
10,NA,NA
10,3.3,NA
10,3.21,NA
10,3.44,NA
10,2.8,NA
10,NA,NA
10,3.96,NA
10,NA,NA
10,3,NA
10,2.8,NA
10,3.44,NA
10,3,NA
10,3,NA
10,NA,NA
10,2.9,NA
10,3.08,NA
10,NA,NA
10,3.4,NA
10,2.5,NA
11,3.5,NA
11,NA,NA
11,2.75,NA
11,NA,NA
11,2,NA
11,3.56,NA
11,NA,NA
11,3,NA
11,3,NA
11,3.5,NA
11,NA,NA
11,3,NA
11,2.8,NA
11,2.97,NA
11,3,NA
11,2.8,NA
11,3,NA
11,3.5,NA
11,NA,NA
11,3.4,NA
11,3.45,NA
11,3.35,NA
11,2.72,NA
11,3.45,NA
11,3.5,NA
11,NA,NA
11,NA,NA
11,3.12,NA
11,3.04,NA
11,2.5,NA
11,NA,NA
11,NA,NA
11,NA,NA
11,NA,NA
11,3.69,NA
11,3.25,NA
11,NA,NA
11,3.12,NA
11,3.75,NA
11,NA,NA
11,3.87,NA
11,NA,NA
11,3.3,NA
11,3.5,NA
11,3.7,NA
11,3.83,NA
11,3.05,NA
11,3.2,NA
11,2.8,NA
11,3.2,NA
11,3.62,NA
11,2.95,NA
11,3,NA
11,4,NA
11,3.61,NA
11,3.1,NA
11,1.58,NA
11,3.58,NA
11,2.9,NA
11,3,NA
11,3.4,NA
11,NA,NA
11,3.6,NA
11,3,NA
11,3.55,NA
11,3.3,NA
11,2.9,NA
11,2.89,NA
11,3.2,NA
11,NA,NA
11,3.9,NA
11,NA,NA
11,3.1,NA
11,3.4,NA
11,NA,NA
11,3.5,NA
11,3,NA
11,3.45,NA
11,NA,NA
11,NA,NA
11,3,NA
11,NA,NA
11,2.8,NA
11,2.8,NA
11,3.73,NA
11,3.2,NA
11,3.2,NA
11,3.1,NA
11,NA,NA
11,3.25,NA
11,3.3,NA
11,3.12,NA
11,NA,NA
11,2.5,NA
11,NA,NA
11,2.9,NA
11,2.4,NA
11,3.6,NA
11,NA,NA
11,NA,NA
11,3.25,NA
11,3.7,NA
11,3.1,NA
11,NA,NA
11,3.48,NA
11,3.25,NA
11,3.75,NA
11,2.2,NA
11,NA,NA
11,3.57,NA
11,3.25,NA
11,3,NA
11,2.9,NA
11,3,NA
11,3.82,NA
11,3.3,NA
11,4,NA
11,NA,NA
11,3.75,NA
11,NA,NA
11,NA,NA
11,3.83,NA
11,3.56,NA
11,3,NA
11,2.25,NA
11,2.3,NA
11,2.5,NA
11,NA,NA
11,3.23,NA
11,2.5,NA
11,NA,NA
11,3.8,NA
11,NA,NA
11,2.5,NA
11,3.44,NA
11,3.86,NA
11,NA,NA
11,NA,NA
11,2.9,NA
11,3.28,NA
11,3.78,NA
11,NA,NA
11,3.3,NA
11,2.8,NA
11,2.25,NA
11,3.4,NA
11,3.35,NA
11,2.1,NA
11,NA,NA
11,3.1,NA
11,3,NA
11,3.8,NA
11,2.2,NA
11,NA,NA
11,NA,NA
11,NA,NA
11,3.52,NA
11,NA,NA
11,3.68,NA
11,3.74,NA
11,3.36,NA
11,3.6,NA
11,3.75,NA
11,3.77,NA
11,3.28,NA
11,3.7,NA
11,NA,NA
11,4,NA
11,3,NA
11,3.81,NA
11,3.41,NA
11,NA,NA
11,3.9,NA
11,3.5,NA
11,NA,NA
11,3.3,NA
11,3.3,NA
11,3.6,NA
11,NA,NA
11,3.58,NA
11,NA,NA
11,3.8,NA
11,NA,NA
11,NA,NA
11,3.3,NA
11,3.3,NA
11,3.5,NA
11,3.8,NA
11,3,NA
11,3,NA
11,NA,NA
11,3,NA
11,NA,NA
11,NA,NA
11,3.58,NA
11,NA,NA
11,3,NA
11,NA,NA
11,3.42,NA
11,NA,NA
11,3.1,NA
11,NA,NA
11,3,NA
11,3.5,NA
11,2.66,NA
11,3.33,NA
11,3.2,NA
11,2.9,NA
11,3.69,NA
11,2.8,NA
11,3.6,NA
11,3.7,NA
11,3.6,NA
11,NA,NA
11,2.86,NA
11,3,NA
11,2.7,NA
11,3.5,NA
11,3,NA
11,3.4,NA
11,3.7,NA
11,2.7,NA
11,3.5,NA
11,3.4,NA
11,2.5,NA
11,3,NA
11,3,NA
11,3.4,NA
11,NA,NA
11,3.5,NA
11,1.5,NA
11,NA,NA
11,3.1,NA
11,3.35,NA
11,3.33,NA
11,NA,NA
11,3.3,NA
11,NA,NA
11,NA,NA
11,3.5,NA
11,NA,NA
11,NA,NA
11,4,NA
11,3.19,NA
11,2.8,NA
11,2.9,NA
11,3.59,NA
11,2.8,NA
11,2.7,NA
11,NA,NA
11,3.43,NA
11,3.3,NA
11,2.3,NA
11,3.74,NA
11,NA,NA
11,NA,NA
11,2.57,NA
11,2.5,NA
11,3.8,NA
11,NA,NA
11,2.9,NA
11,3,NA
11,3.1,NA
11,3.96,NA
11,2.7,NA
11,3.58,NA
11,3.6,NA
11,NA,NA
11,3.5,NA
11,3.4,NA
11,3.7,NA
11,3.84,NA
11,3.71,NA
11,3.38,NA
11,3.4,NA
11,3,NA
11,2.8,NA
11,2.75,NA
11,2.75,NA
11,3.4,NA
11,NA,NA
11,3.8,NA
11,2.75,NA
11,2.88,NA
11,3,NA
11,3.5,NA
11,3.3,NA
11,3.5,NA
11,2.6,NA
11,2.6,NA
11,3.2,NA
11,3.84,NA
11,3.82,NA
11,3.25,NA
11,NA,NA
11,3.3,NA
11,3.1,NA
11,2.8,NA
11,3,NA
11,3.1,NA
11,3,NA
11,3.3,NA
11,3.3,NA
11,NA,NA
11,2.3,NA
11,NA,NA
11,3.5,NA
11,3.5,NA
11,3.6,NA
11,3.61,NA
11,NA,NA
11,3.44,NA
11,3.3,NA
11,3.34,NA
11,3.25,NA
11,3.6,NA
11,2.7,NA
11,2.86,NA
11,3.64,NA
11,3.66,NA
11,NA,NA
11,NA,NA
11,NA,NA
11,3.6,NA
11,2.7,NA
11,2.75,NA
11,NA,NA
11,2.3,NA
11,2.94,NA
11,3,NA
11,NA,NA
11,3.86,NA
11,3.68,NA
11,3.6,NA
11,2.92,NA
11,3,NA
11,NA,NA
11,NA,NA
11,2.83,NA
11,2.66,NA
11,3.4,NA
11,3.22,NA
11,3.69,NA
11,3.8,NA
11,NA,NA
11,3.75,NA
11,2.8,NA
11,3.1,NA
11,2.95,NA
11,2.2,NA
12,2.9,NA
12,NA,NA
12,2.9,NA
12,3.47,NA
12,2.98,NA
12,3,NA
12,NA,NA
12,NA,NA
12,2.61,NA
12,2.66,NA
12,NA,NA
12,3,NA
12,3.1,NA
12,3.01,NA
12,2.25,NA
12,3.4,NA
12,3.97,NA
12,3.75,NA
12,3.5,NA
12,3.33,NA
12,3.34,NA
12,NA,NA
12,3.2,NA
12,3.6,NA
12,2.5,NA
12,3.5,NA
12,2.6,NA
12,3.1,NA
12,3,NA
12,3.1,NA
12,3.6,NA
12,3.86,NA
12,NA,NA
12,3.7,NA
12,2.55,NA
12,3.3,NA
12,2.6,NA
12,2.45,NA
12,NA,NA
12,3.25,NA
12,3.3,NA
12,NA,NA
12,2.6,NA
12,3,NA
12,3.82,NA
12,3.16,NA
12,3.11,NA
12,3.84,NA
12,3.5,NA
12,3.2,NA
12,3.3,NA
12,3.45,NA
12,3.31,NA
12,3,NA
12,3.27,NA
12,NA,NA
12,3.4,NA
12,3.2,NA
12,3.56,NA
12,2.1,NA
12,1.9,NA
12,NA,NA
12,3.41,NA
12,3.02,NA
12,3.6,NA
12,3.1,NA
12,3,NA
12,3.2,NA
12,NA,NA
12,3.4,NA
12,2.6,NA
12,3.96,NA
12,NA,NA
12,2.75,NA
12,3.5,NA
12,2.85,NA
12,3.5,NA
12,3.2,NA
12,3.66,NA
12,2.75,NA
12,3.58,NA
12,3,NA
12,3.16,NA
12,2.6,NA
12,3.02,NA
12,NA,NA
12,3.3,NA
12,3.75,NA
12,3,NA
12,2.75,NA
12,2.5,NA
12,NA,NA
12,NA,NA
12,2.99,NA
12,3.4,NA
12,3,NA
12,NA,NA
12,3.3,NA
12,3.4,NA
12,2.9,NA
12,NA,NA
12,NA,NA
12,3,NA
12,NA,NA
12,3.4,NA
12,2.9,NA
12,3.73,NA
12,2.33,NA
12,NA,NA
12,NA,NA
12,3.38,NA
12,3.67,NA
12,NA,NA
12,NA,NA
12,2.75,NA
12,NA,NA
12,NA,NA
12,3.5,NA
12,2.8,NA
12,NA,NA
12,3.5,NA
12,2.6,NA
12,3,NA
12,3.22,NA
12,3.94,NA
12,3.73,NA
12,2.93,NA
12,3.3,NA
12,3,NA
12,NA,NA
12,3.4,NA
12,3.75,NA
12,3.4,NA
12,3.5,NA
12,3.5,NA
12,3.1,NA
12,2.76,NA
12,3.7,NA
12,3.7,NA
12,3.78,NA
12,3.4,NA
12,3.7,NA
12,3,NA
12,2.87,NA
12,3.9,NA
12,NA,NA
12,2.8,NA
12,3.6,NA
12,3.1,NA
12,NA,NA
12,3.72,NA
12,3.75,NA
12,3.75,NA
12,2.7,NA
12,3.8,NA
12,3.38,NA
12,2.75,NA
12,NA,NA
12,NA,NA
12,3.85,NA
12,3,NA
12,NA,NA
12,NA,NA
12,3.11,NA
12,3.6,NA
12,NA,NA
12,NA,NA
12,3.08,NA
12,NA,NA
12,3.4,NA
12,3.4,NA
12,3.93,NA
12,3,NA
12,NA,NA
12,3.4,NA
12,3.7,NA
12,3.6,NA
12,2,NA
12,3.61,NA
12,3.34,NA
12,3.1,NA
12,3.72,NA
12,3.33,NA
12,3.4,NA
12,3.55,NA
12,2.6,NA
12,3.5,NA
12,2.8,NA
12,2.75,NA
12,NA,NA
12,3,NA
12,3.7,NA
12,3.22,NA
12,3.15,NA
12,3.15,NA
12,2.5,NA
12,1.97,NA
12,3.3,NA
12,2.8,NA
12,3.3,NA
12,3.6,NA
12,3.25,NA
12,3.62,NA
12,3.3,NA
12,2.95,NA
12,3.4,NA
12,2.1,NA
12,3.33,NA
12,3.5,NA
12,2.89,NA
12,3.5,NA
12,2.63,NA
12,2.75,NA
12,3.67,NA
12,2.5,NA
12,NA,NA
12,3.7,NA
12,3.5,NA
12,2.8,NA
12,3.01,NA
12,2.22,NA
12,3.65,NA
12,3.36,NA
12,3.1,NA
12,NA,NA
12,3.2,NA
12,2.9,NA
12,3.44,NA
12,NA,NA
12,NA,NA
12,3.27,NA
12,3.5,NA
12,NA,NA
12,2.9,NA
12,3.4,NA
12,3.3,NA
12,3.34,NA
12,2.3,NA
12,3,NA
12,3.72,NA
12,3.8,NA
12,3.56,NA
12,NA,NA
12,3.27,NA
12,NA,NA
12,2.87,NA
12,3.92,NA
12,2.9,NA
12,NA,NA
12,2.7,NA
12,3.6,NA
12,3.5,NA
12,3.55,NA
12,2.9,NA
12,3.44,NA
12,3.5,NA
12,2.8,NA
12,2.7,NA
12,3.2,NA
12,3.2,NA
12,3,NA
12,3.4,NA
12,3.47,NA
12,3.15,NA
12,3.3,NA
12,3,NA
12,3,NA
12,3.3,NA
12,3,NA
12,3.52,NA
12,NA,NA
12,3.47,NA
12,3.77,NA
12,3.4,NA
12,3.12,NA
12,3.5,NA
12,3.2,NA
12,3.53,NA
12,3.48,NA
12,3,NA
12,3.2,NA
12,3.62,NA
12,3.55,NA
12,3.6,NA
12,3.7,NA
12,3.25,NA
12,3.78,NA
12,3.51,NA
12,3,NA
12,2.8,NA
12,2.7,NA
12,3.5,NA
12,3.5,NA
12,3.3,NA
12,3.2,NA
12,2.94,NA
12,3,NA
12,3.3,NA
12,NA,NA
12,2.6,NA
12,2.5,NA
12,2.77,NA
12,NA,NA
12,NA,NA
12,3,NA
12,2.5,NA
12,4,NA
12,3.72,NA
12,NA,NA
12,NA,NA
12,3.4,NA
12,4,NA
12,3.25,NA
12,3,NA
12,3,NA
12,2.78,NA
12,NA,NA
12,2.6,NA
12,3.01,NA
12,NA,NA
12,3,NA
13,3.1,No
13,3.2,Yes
13,NA,No
13,NA,No
13,3.66,No
13,2.98,No
13,3.34,No
13,2.7,No
13,NA,No
13,3.3,No
13,3,No
13,3.6,No
13,3.4,No
13,NA,No
13,3.5,No
13,3.8,No
13,3.2,No
13,3.21,No
13,2.7,No
13,NA,No
13,3.62,Yes
13,NA,No
13,3.8,No
13,NA,No
13,3,No
13,2.79,Yes
13,3.67,No
13,3.15,No
13,3.4,No
13,NA,Yes
13,3,NA
13,3,No
13,3,No
13,3.5,Yes
13,3.5,No
13,2.8,Yes
13,3.2,No
13,3,No
13,2.4,No
13,NA,No
13,NA,No
13,3.2,No
13,2.83,No
13,NA,No
13,3.1,No
13,2.7,No
13,3.7,No
13,3,No
13,NA,No
13,3.4,No
13,2.25,No
13,3.5,No
13,2.85,No
13,3,Yes
13,3.11,No
13,3,Yes
13,3.85,Yes
13,3.5,No
13,3.2,No
13,3.01,No
13,NA,No
13,2.4,No
13,3,No
13,3.25,Yes
13,3.45,No
13,3,No
13,3.82,No
13,3.4,No
13,3,Yes
13,3.1,No
13,3.3,No
13,3.68,No
13,3.1,No
13,3.8,No
13,3.4,NA
13,2.83,No
13,3.08,Yes
13,2.4,No
13,2.5,No
13,3,No
13,NA,No
13,3.3,Yes
13,2.8,No
13,3.54,No
13,2.6,No
13,NA,Yes
13,3.33,No
13,2.8,No
13,2.9,No
13,3,Yes
13,3.58,No
13,NA,NA
13,2.83,No
13,3.25,No
13,2.67,No
13,NA,No
13,3.61,No
13,3,No
13,2.99,No
13,2.6,Yes
13,3.3,No
13,3.38,No
13,3,No
13,3.54,No
13,NA,No
13,2.88,No
13,2.2,No
13,3.25,No
13,NA,No
13,3,No
13,2.5,No
13,NA,No
13,3.33,No
13,2.88,Yes
13,3.44,No
13,3.4,No
13,3.25,No
13,3.2,No
13,3,No
13,3.9,No
13,3.2,No
13,3.15,No
13,3.91,No
13,NA,No
13,3.4,No
13,3.05,No
13,NA,No
13,NA,No
13,3.6,No
13,3,No
13,NA,Yes
13,3.4,No
13,2.99,Yes
13,2.62,No
13,3.1,No
13,3.8,No
13,3.78,No
13,3.5,No
13,3.65,No
13,NA,No
13,3.3,No
13,3.88,No
13,3.27,No
13,2.89,No
13,2.8,No
13,2.86,No
13,2.98,Yes
13,2.78,No
13,NA,No
13,NA,No
13,3.6,No
13,3.25,No
13,3.5,Yes
13,3.2,No
13,3.46,No
13,NA,No
13,3.7,No
13,2.58,No
13,3.4,No
13,NA,No
13,NA,No
13,3.08,No
13,NA,No
13,NA,No
13,2.5,No
13,2.7,No
13,3.15,No
13,3,No
13,3.3,No
13,3.1,No
13,NA,No
13,3.66,No
13,NA,No
13,3,No
13,NA,No
13,3.4,No
13,3.4,No
13,3.4,Yes
13,2.65,No
13,NA,NA
13,3.87,No
13,3.67,Yes
13,3.2,No
13,3.11,No
13,2.92,Yes
13,3.63,No
13,3.5,No
13,3.7,No
13,2.8,No
13,NA,No
13,3.9,No
13,3.6,No
13,2.57,No
13,2.5,No
13,3,Yes
13,3.6,No
13,3.88,No
13,3.5,No
13,2.9,No
13,3.77,No
13,3.83,No
13,3.56,No
13,3.58,No
13,NA,Yes
13,3.9,No
13,3.51,No
13,3.19,No
13,3.26,No
13,NA,No
13,3,No
13,2.75,No
13,3.6,No
13,3.2,No
13,3.33,No
13,3.47,No
13,NA,Yes
13,3.7,No
13,NA,No
13,2.9,No
13,3.44,No
13,3,Yes
13,3.36,No
13,2.7,No
13,2.8,Yes
13,3.47,No
13,3.4,No
13,3,Yes
13,3.6,No
13,3.2,No
13,3.11,No
13,3.6,No
13,3,No
13,3.46,No
13,NA,No
13,2.5,No
13,2.9,No
13,3.15,No
13,3.7,No
13,3.1,No
13,3.31,No
13,3.2,No
13,3.25,Yes
13,2.4,No
13,NA,No
13,3.14,No
13,3.1,No
13,2.5,No
13,NA,No
13,2.5,Yes
13,NA,No
13,3.7,Yes
13,3.5,No
13,3,No
13,3.61,No
13,2.88,No
13,3.2,No
13,3.75,Yes
13,3.7,No
13,3.45,No
13,3.4,No
13,2.9,No
13,3,No
13,2.5,No
13,NA,No
13,NA,No
13,3.4,No
13,3.6,No
13,NA,No
13,3.8,No
13,3.59,Yes
13,3.3,No
13,3.25,No
13,3.77,No
13,3.16,No
13,3.3,No
13,3.22,No
13,3.2,No
13,3.1,No
13,3.8,No
13,3.2,No
13,NA,No
13,3.2,No
13,3.5,No
13,3.4,No
13,3.75,No
13,3.45,No
13,3.58,No
13,3.33,No
13,NA,Yes
13,3.2,No
13,3.45,No
13,2.9,No
13,NA,No
13,3.25,No
13,3.32,Yes
13,2.5,No
13,3.13,Yes
13,3,No
13,NA,No
13,3.3,No
13,3.9,No
13,3.5,No
13,3.9,No
13,3.03,No
13,3,No
13,NA,No
13,3,No
13,3.27,No
13,3.2,Yes
13,3.4,Yes
13,3.75,No
13,3,Yes
13,3.1,No
13,3.05,No
13,3.5,No
13,3.1,No
13,NA,No
13,2.5,No
13,3,No
13,3.7,No
13,2.5,No
13,3.5,No
13,3,No
13,3.5,No
13,3.2,No
13,3.61,No
13,3.25,No
13,3.25,No
13,3.34,NA
13,3.1,No
13,3.7,No
13,3,No
13,3.94,No
13,3.76,No
13,3.85,No
13,2.6,No
13,NA,No
13,3.75,No
13,2.97,No
13,NA,No
13,2.91,No
13,NA,No
13,2.88,No
13,3.25,No
13,3.25,NA
13,2.5,Yes
13,NA,No
13,3.7,Yes
13,3.33,No
13,3.9,No
13,3.5,No
13,3,Yes
13,3.7,No
13,NA,No
13,3.25,No
13,3.4,Yes
13,3.26,No
13,NA,No
13,3.65,No
13,3.61,No
13,3.3,Yes
13,3.5,No
13,NA,No
13,3.4,Yes
13,NA,No
13,2.6,No
13,NA,Yes
13,3.77,No
13,3.2,No
13,3,No
13,3.2,No
13,3.2,No
13,NA,No
13,2.4,No
13,3.61,No
13,3.7,No
13,3,No
13,3.6,No
13,3.4,No
13,3.65,No
13,3.6,No
13,3,No
13,3.03,Yes
13,NA,No
14,2.8,No
14,3.1,No
14,NA,No
14,3.1,Yes
14,3.3,No
14,3.4,No
14,3.56,No
14,2.48,No
14,NA,No
14,2.9,No
14,2.6,No
14,3.4,Yes
14,NA,No
14,NA,No
14,NA,No
14,3.25,No
14,3,No
14,2.44,No
14,3.1,No
14,3.1,No
14,2.7,No
14,2.5,No
14,3.14,No
14,3.28,No
14,3.2,No
14,2.25,No
14,3.5,No
14,2.8,No
14,3.76,No
14,3.67,No
14,NA,No
14,3.2,No
14,3.2,No
14,3.5,No
14,NA,No
14,3.4,No
14,3.25,No
14,NA,No
14,3,No
14,3.5,No
14,3.3,No
14,3,No
14,NA,No
14,3,No
14,3.4,No
14,3.4,No
14,3.6,No
14,2.8,No
14,3,No
14,NA,No
14,3,No
14,NA,No
14,3,No
14,3.4,No
14,3.9,No
14,2.8,No
14,2.9,No
14,3.09,Yes
14,2.5,No
14,3.75,No
14,3.1,No
14,3.2,No
14,3.25,No
14,3.55,Yes
14,3.4,No
14,NA,No
14,3.9,No
14,3.3,No
14,3,No
14,3.5,No
14,2.8,Yes
14,3.94,No
14,3.4,No
14,3.4,No
14,3.75,No
14,2.88,No
14,3.33,No
14,3.1,No
14,3.25,No
14,3.25,No
14,2.5,No
14,3,No
14,3.11,No
14,2.9,No
14,NA,No
14,3.5,No
14,3.2,No
14,2.75,No
14,3,No
14,3.44,No
14,3.61,No
14,3.67,Yes
14,3.3,Yes
14,3.56,No
14,3.49,Yes
14,NA,No
14,3,No
14,3.2,No
14,3.81,No
14,3.01,No
14,3.25,No
14,3.5,No
14,3.4,No
14,3.51,No
14,3.72,No
14,3.3,No
14,3.42,No
14,3.4,No
14,3,No
14,2.7,Yes
14,3.37,No
14,3.4,Yes
14,3.7,No
14,3.77,No
14,3,No
14,NA,Yes
14,2,No
14,3.4,No
14,3.1,No
14,2.9,No
14,3.2,No
14,3.25,No
14,2.5,No
14,3.3,No
14,3.1,No
14,3.2,No
14,3.43,No
14,3.5,No
14,3.7,No
14,3.57,No
14,3,Yes
14,3.1,Yes
14,NA,No
14,3.55,No
14,NA,No
14,2.4,No
14,3.8,No
14,NA,No
14,2.9,No
14,3.1,No
14,3.78,No
14,NA,No
14,3.25,Yes
14,3.25,Yes
14,3.68,No
14,3,No
14,2.5,No
14,3.44,No
14,2.7,No
14,NA,No
14,3.7,No
14,NA,No
14,2.9,No
14,3.12,Yes
14,NA,No
14,3.8,No
14,2.9,No
14,3.2,No
14,NA,No
14,3.41,No
14,2.8,No
14,3.2,Yes
14,2.6,No
14,3.5,Yes
14,3.56,No
14,3,No
14,NA,No
14,3.2,No
14,2.96,Yes
14,2.8,No
14,3.25,No
14,3.25,No
14,NA,No
14,2.9,No
14,2.75,No
14,3.76,No
14,3.4,No
14,NA,No
14,2.9,No
14,3.25,No
14,2.6,No
14,3.89,No
14,NA,No
14,3.9,No
14,3.1,Yes
14,3.4,Yes
14,2.6,Yes
14,NA,No
14,3.57,NA
14,3,No
14,NA,No
14,3.6,No
14,2.7,No
14,3,No
14,3,No
14,3.75,No
14,3.2,Yes
14,3.51,No
14,3.33,No
14,NA,No
14,3.5,No
14,3.5,No
14,NA,No
14,3.5,No
14,3,No
14,3.37,No
14,3.5,No
14,2.7,No
14,2.2,No
14,3,No
14,3.24,No
14,1.79,No
14,3.52,No
14,3.24,No
14,2.8,Yes
14,3.2,No
14,NA,No
14,NA,No
14,2.5,No
14,3.5,No
14,3.1,No
14,3,No
14,3.81,No
14,3.1,No
14,2.8,Yes
14,2.75,Yes
14,3.3,No
14,3.5,No
14,NA,No
14,2.9,No
14,NA,No
14,2.74,No
14,3.47,Yes
14,3.1,No
14,2.9,No
14,NA,No
14,3.2,No
14,3.24,Yes
14,3.05,No
14,3.4,No
14,2.9,No
14,NA,No
14,3.5,No
14,NA,No
14,3.4,No
14,3.8,No
14,3.2,No
14,3.4,No
14,NA,No
14,2.8,No
14,2.5,No
14,3.3,No
14,2.6,No
14,3.65,No
14,NA,No
14,3.1,No
14,2.9,Yes
14,NA,No
14,3.4,No
14,3.4,No
14,3.3,No
14,3.1,No
14,3,Yes
14,3.04,No
14,3.35,No
14,NA,No
14,3,No
14,3.41,No
14,NA,No
14,3.5,No
14,2.7,No
14,3.4,No
14,3.25,No
14,2,No
14,3.72,No
14,NA,No
14,2.8,No
14,NA,No
14,3.1,No
14,3.6,No
14,NA,No
14,NA,No
14,3.44,No
14,2.8,Yes
14,2.9,No
14,3,No
14,NA,Yes
14,NA,No
14,NA,No
14,3.5,No
14,3.4,No
14,3.59,No
14,3.5,No
14,3.27,No
14,NA,Yes
14,3.1,No
14,NA,No
14,3.3,NA
14,NA,No
14,3.2,Yes
14,3.93,No
14,3.05,No
14,2.9,No
14,NA,No
14,3.75,No
14,NA,No
14,3.76,No
14,2.5,No
14,3.3,No
14,NA,No
14,NA,No
14,3.3,No
14,3.3,No
14,3.78,No
14,3.8,Yes
14,2.41,No
14,NA,No
14,2.69,No
14,2.7,No
14,3.55,No
14,NA,No
14,3.2,No
14,3.75,No
14,3,No
14,3.21,Yes
14,3.5,No
14,3.3,No
14,2.8,No
14,3.5,No
14,2.7,No
14,2.9,No
14,2.7,No
14,3.68,Yes
14,3,No
14,NA,No
14,2.8,No
14,2.8,No
14,3.9,No
14,3.4,No
14,2.5,No
14,2.75,No
14,NA,NA
14,4,No
14,3.5,No
14,3.94,No
14,3.8,Yes
14,3.19,No
14,3.33,No
14,3.66,No
14,3.3,No
14,3.25,No
14,3.36,No
14,3.56,No
14,3.25,No
14,3.1,No
14,3.5,No
14,3.65,No
14,NA,No
14,3.96,No
14,2.6,No
14,2.7,Yes
14,3.3,No
14,3.24,No
14,NA,No
14,NA,No
15,3,No
15,3.3,No
15,3.5,No
15,3.1,No
15,3.61,No
15,2.98,No
15,3,No
15,2.87,No
15,3.5,No
15,NA,No
15,3.65,Yes
15,2.65,No
15,NA,No
15,3.1,No
15,3.6,No
15,3.64,Yes
15,NA,No
15,3.01,No
15,NA,No
15,3,No
15,3.4,Yes
15,NA,No
15,2.8,No
15,NA,Yes
15,3.5,No
15,3.4,No
15,2.8,No
15,3,No
15,3.25,No
15,3,No
15,3.5,No
15,3.25,No
15,3.3,No
15,2.6,No
15,3,No
15,2.5,No
15,3.25,No
15,3.1,No
15,3.31,Yes
15,2.9,No
15,3.03,No
15,3.2,No
15,3.4,No
15,3,No
15,3.45,No
15,3.68,No
15,NA,No
15,NA,No
15,NA,No
15,2.6,No
15,3.06,Yes
15,NA,No
15,NA,No
15,3.1,Yes
15,NA,No
15,3.08,Yes
15,NA,No
15,3.4,No
15,NA,No
15,4,No
15,3.4,No
15,3.44,No
15,3.4,No
15,2.9,No
15,3.46,No
15,3.8,No
15,3.5,No
15,3.33,Yes
15,NA,No
15,3.33,No
15,NA,No
15,3.4,No
15,3.2,Yes
15,NA,Yes
15,3.7,Yes
15,2.87,No
15,3.4,No
15,3.5,No
15,3,No
15,3.3,Yes
15,3.8,No
15,3.38,Yes
15,2.92,No
15,2.75,No
15,NA,No
15,3.6,No
15,2.8,No
15,3.75,No
15,2.1,No
15,3.6,No
15,3.72,No
15,NA,No
15,2.54,No
15,2.9,Yes
15,3.6,No
15,3.8,No
15,3.4,No
15,3,No
15,3.3,No
15,3.39,No
15,3,No
15,2.8,No
15,3.63,No
15,3.26,No
15,3,No
15,3,No
15,3.1,Yes
15,3.3,No
15,3,No
15,3.4,No
15,3,No
15,3.7,No
15,NA,Yes
15,NA,No
15,3.1,No
15,NA,Yes
15,3,No
15,3.2,Yes
15,NA,No
15,2.98,No
15,NA,No
15,3.4,No
15,3.4,No
15,3.4,No
15,NA,No
15,3.6,No
15,3.3,No
15,3.46,Yes
15,NA,No
15,2.3,No
15,3.91,No
15,3,No
15,3.4,No
15,2.6,Yes
15,3,No
15,NA,No
15,2.9,Yes
15,3.51,No
15,3.4,No
15,3.44,No
15,3,No
15,3,No
15,3.7,No
15,3.34,No
15,3.5,Yes
15,2.9,No
15,3,No
15,3.78,No
15,2.5,Yes
15,3.03,No
15,3.53,No
15,NA,No
15,3.63,No
15,3.5,No
15,NA,Yes
15,3.8,No
15,2.3,No
15,3,No
15,3.15,No
15,NA,No
15,NA,Yes
15,3.5,No
15,3,No
15,3.75,No
15,2.9,No
15,3.5,No
15,3.41,No
15,3.2,No
15,2.75,No
15,3.45,Yes
15,3.34,No
15,3.2,No
15,3.56,No
15,3.5,No
15,3,No
15,3.1,No
15,3.3,Yes
15,3.23,No
15,NA,No
15,3,No
15,NA,No
15,3.8,Yes
15,3.9,No
15,NA,No
15,NA,No
15,3.75,No
15,3,No
15,NA,No
15,3.11,No
15,3.28,No
15,3.8,No
15,2.7,No
15,2.7,No
15,2.7,No
15,NA,No
15,3.21,No
15,3.4,Yes
15,3.3,No
15,2.6,No
15,3.5,No
15,NA,No
15,NA,No
15,3.36,No
15,3.25,No
15,3.6,No
15,3.6,No
15,NA,No
15,3,No
15,3.83,No
15,3.28,No
15,3,No
15,3.47,No
15,3.6,No
15,3.5,No
15,3.44,Yes
15,3.82,No
15,3.5,No
15,NA,Yes
15,3.4,No
15,3.64,No
15,2.75,No
15,2.84,No
15,NA,No
15,2.5,No
15,NA,No
15,4,No
15,3.5,No
15,3.6,No
15,2.95,No
15,3.7,No
15,2.77,No
15,3.1,No
15,3.1,No
15,NA,No
15,3.25,No
15,2.88,No
15,2.9,No
15,NA,No
15,3.3,No
15,3.03,NA
15,3.4,No
15,3.06,No
15,2.7,No
15,2.74,No
15,3,No
15,3.5,No
15,3.15,No
15,NA,NA
15,3.6,No
15,3.83,No
15,2.67,No
15,3.1,No
15,NA,No
15,3.87,No
15,3.49,No
15,3.33,No
15,2.5,No
15,2.73,No
15,NA,Yes
15,NA,No
15,2.66,No
15,NA,No
15,3.1,No
15,3.25,No
15,NA,No
15,2,No
15,3.24,No
15,3.3,No
15,3.2,No
15,NA,No
15,2.98,No
15,NA,No
15,4,Yes
15,3.5,No
15,2.8,No
15,2.75,No
15,NA,No
15,NA,No
15,3.2,No
15,3.63,No
15,3,No
15,3,No
15,NA,No
15,2.5,No
15,3.4,No
15,2.84,No
15,3,No
15,NA,No
15,3.6,No
15,NA,No
15,2.57,No
15,3.2,No
15,3.75,No
15,3.86,No
15,NA,No
15,3.8,No
15,3,Yes
15,3.11,No
15,3.23,No
15,NA,Yes
15,3.68,No
15,3,No
15,NA,No
15,1.89,Yes
15,NA,No
15,3.3,No
15,3.3,No
15,2.8,No
15,3,No
15,NA,No
15,3.75,No
15,3.48,No
15,3,No
15,3.2,No
15,3.3,No
15,3.27,Yes
15,3.25,No
15,3.41,No
15,3.6,No
15,3.1,No
15,NA,No
15,3.22,No
15,3,Yes
15,2.9,No
15,3.1,No
15,3.6,No
15,3.3,No
15,NA,No
15,NA,No
15,3,Yes
15,3.4,No
15,2.35,No
15,3.4,No
15,NA,No
15,3,No
15,NA,No
15,2.95,No
15,3.6,No
15,NA,No
15,NA,No
15,NA,No
15,2.9,No
15,3.5,No
15,NA,No
15,2.8,No
15,NA,No
15,3.25,Yes
15,4,No
15,3.96,No
15,2.75,No
15,3.25,No
15,3,Yes
15,3.4,No
15,NA,No
15,NA,No
15,3.51,No
15,3.38,No
15,3.3,Yes
15,NA,No
15,2.5,No
15,2.6,No
15,3.2,No
15,3.61,No
15,3.4,No
15,3.58,No
15,2.5,No
15,3.1,No
15,3.16,No
15,2.86,No
15,3,No
15,2.8,No
15,2.99,No
15,3.23,No
15,3.5,No
15,3.75,No
15,3.4,No
15,3.3,No
15,3.3,No
15,3.4,Yes
15,NA,No
15,NA,No
15,2.87,No
15,4,No
15,NA,No
15,NA,No
15,3.25,Yes
15,2.5,No
15,NA,No
15,3.9,No
15,3.9,No
15,NA,No
15,2.9,No
15,3.2,No
15,3.2,No
15,NA,No
15,3.25,No
15,3.27,Yes
15,3.5,No
15,3,No
15,3,No
15,3.72,No
15,3.12,No
15,3.5,No
15,3,No
15,3.45,No
15,2.78,No
15,2.9,No
15,3.4,No
15,2.8,No
15,3.29,Yes
15,NA,No
15,3.25,No
15,3.56,No
15,2.75,No
15,3.4,No
15,3.4,No
15,3,No
15,NA,No
15,2.8,Yes
15,3.4,No
15,2.9,No
15,3.3,No
15,2.9,No
15,2.91,Yes
15,3.2,No
15,NA,No
15,3.1,No
15,3.3,No
15,3.1,No
15,2.5,No
15,3.3,No
15,NA,No
15,3.25,No
15,NA,No
15,3.01,No
15,NA,No
15,3,No
15,3.4,Yes
16,3.01,Yes
16,2.3,No
16,3.2,No
16,NA,No
16,3.1,Yes
16,3.7,No
16,2.5,No
16,3,Yes
16,3.56,No
16,NA,No
16,3.2,No
16,3.4,No
16,3.97,No
16,3.58,No
16,3.25,No
16,3.3,No
16,2.8,No
16,2.9,No
16,NA,Yes
16,NA,No
16,3.5,Yes
16,NA,No
16,3,No
16,3.6,No
16,3.3,Yes
16,3.2,No
16,3.5,Yes
16,3.1,No
16,3.1,No
16,3.72,No
16,3.93,No
16,NA,No
16,NA,No
16,3.4,No
16,NA,No
16,3.2,No
16,NA,No
16,3.76,No
16,3.5,Yes
16,3,No
16,3,No
16,3.25,No
16,3.2,No
16,3.1,No
16,3.4,No
16,3.58,No
16,2.7,Yes
16,3.2,No
16,3.06,Yes
16,2.8,No
16,3,No
16,3.7,No
16,NA,No
16,3.57,No
16,3,No
16,3.3,No
16,3,No
16,3.47,Yes
16,NA,No
16,2.03,No
16,3.28,No
16,NA,No
16,3,No
16,NA,No
16,3.1,No
16,2.8,No
16,3.5,No
16,3,No
16,2.5,No
16,3,No
16,NA,No
16,2.6,No
16,3.67,No
16,NA,No
16,NA,No
16,3.6,No
16,2.91,No
16,NA,No
16,2.9,No
16,3.1,No
16,2.6,Yes
16,3,No
16,3.5,No
16,3.06,No
16,3.49,No
16,2.4,No
16,NA,No
16,3.3,No
16,3.42,No
16,2.5,No
16,3.54,NA
16,3.5,Yes
16,3.2,No
16,3.41,No
16,3.76,No
16,NA,No
16,NA,No
16,3.53,No
16,3.64,No
16,3.5,No
16,4,No
16,2.7,No
16,3.3,No
16,2.25,Yes
16,2.6,No
16,3.02,Yes
16,3.13,Yes
16,3.1,Yes
16,3.75,No
16,2.9,Yes
16,3.5,No
16,3.66,No
16,2.68,No
16,3.62,No
16,3.4,No
16,NA,No
16,NA,No
16,2.8,No
16,NA,No
16,3.58,NA
16,4,No
16,3.67,No
16,3,No
16,3.4,No
16,3,No
16,3.8,No
16,2.4,No
16,3,No
16,2.7,No
16,3.1,No
16,3.5,No
16,3.4,No
16,3.6,No
16,3.4,Yes
16,3.4,No
16,3,No
16,3.3,No
16,NA,No
16,NA,Yes
16,3.1,No
16,NA,No
16,3.1,No
16,1.93,No
16,3.88,No
16,3.4,No
16,NA,No
16,NA,No
16,3.57,No
16,NA,No
16,2.5,No
16,3.4,No
16,3.44,No
16,3.78,No
16,3.13,No
16,3.76,No
16,3.2,No
16,NA,Yes
16,3.8,No
16,3.2,Yes
16,2.84,No
16,3.5,No
16,3.42,Yes
16,3.46,Yes
16,2.9,No
16,3.25,No
16,NA,No
16,3.5,No
16,3,No
16,2.6,No
16,NA,No
16,2.95,No
16,3.2,No
16,3.25,No
16,2.8,No
16,NA,No
16,3.6,No
16,3.6,No
16,3.14,No
16,3.95,No
16,2.75,No
16,3.6,No
16,3.86,No
16,3,No
16,3,No
16,3.3,No
16,3.2,No
16,NA,No
16,3.78,No
16,NA,No
16,3,No
16,2.9,No
16,3.72,No
16,NA,No
16,3.15,No
16,3.62,No
16,3.4,No
16,3.33,No
16,3.94,No
16,NA,Yes
16,NA,No
16,3.47,No
16,3.4,Yes
16,3.64,No
16,3.6,No
16,NA,No
16,3.86,No
16,3,No
16,3.55,Yes
16,3.5,No
16,3.44,Yes
16,3.7,No
16,3.87,Yes
16,3,No
16,3.25,No
16,NA,No
16,3.1,No
16,3.4,No
16,2.9,No
16,3.4,Yes
16,2.8,No
16,2,No
16,3.83,No
16,3.89,No
16,3.4,No
16,3.18,No
16,3.64,Yes
16,3,No
16,2.57,No
16,3.82,No
16,NA,No
16,2.5,No
16,NA,No
16,4,No
16,3.4,No
16,3.2,No
16,3.68,No
16,3.1,No
16,3.54,No
16,NA,No
16,2.7,Yes
16,3.1,No
16,NA,No
16,NA,No
16,3.65,No
16,2.7,No
16,3.55,No
16,2.9,No
16,3.71,No
16,3,No
16,3.65,No
16,NA,Yes
16,3.55,No
16,NA,No
16,NA,No
16,3.5,Yes
16,2.8,No
16,2.8,No
16,NA,No
16,2,No
16,3.8,No
16,3.2,No
16,2.75,No
16,3.4,No
16,NA,No
16,3.73,Yes
16,2.9,No
16,3.52,No
16,3.3,Yes
16,NA,No
16,2.75,No
16,3.85,No
16,2.73,No
16,3,No
16,3.3,Yes
16,3.11,No
16,4,No
16,3.4,No
16,3.6,No
16,3.6,No
16,3.25,No
16,3.8,No
16,3.69,No
16,3.66,No
16,3.75,No
16,3,No
16,3.2,No
16,NA,No
16,NA,No
16,3.25,No
16,3.7,No
16,2.65,No
16,3.6,No
16,2.61,No
16,3,No
16,2.89,No
16,NA,No
16,2.9,No
16,3.3,Yes
16,3.44,No
16,3.2,No
16,NA,No
16,3,No
16,2.1,No
16,3.3,Yes
16,3.5,No
16,3.4,No
16,3.72,No
16,3.4,No
16,3.3,Yes
16,3.2,No
16,3.5,Yes
16,3.3,No
16,2.9,Yes
16,3.25,No
16,3.25,No
16,4,No
16,3.02,No
16,3.25,No
16,NA,No
16,3.5,No
16,3.58,No
16,3.4,No
16,3,No
16,3.43,No
16,3.85,No
16,1.9,Yes
16,NA,No
16,3.1,No
16,3.3,No
16,3.22,No
16,NA,No
16,3.65,No
16,3,No
16,3,Yes
16,3.72,No
16,3.27,No
16,3.5,No
16,3,No
16,3.3,No
16,NA,No
16,2.65,No
16,3.2,No
16,3.3,No
16,NA,No
16,3,No
16,NA,No
16,3.5,Yes
16,3,No
16,4,No
16,3.9,No
16,3.5,No
16,3.5,No
16,NA,No
16,NA,No
16,3,No
16,2.8,No
16,2.9,No
16,3.25,No
16,3.3,No
16,2.9,No
16,3.5,No
16,3.33,No
16,3.2,No
16,NA,No
16,NA,No
16,NA,No
16,3.2,No
16,3,No
16,3.11,Yes
16,3.5,No
16,3.5,No
16,2.7,No
16,3.6,No
16,3.1,No
16,3.5,Yes
16,3.2,No
16,3.35,No
16,3.2,No
16,3.6,No
16,3.33,No
16,3.25,No
16,NA,No
16,3.5,No
16,3.2,No
16,2.2,No
16,3,No
16,3.3,No
16,3.5,No
16,3,Yes
16,3.25,No
16,2.4,No
16,3.5,No
16,3.5,No
16,3.1,No
16,3.69,No
16,3.04,No
16,NA,No
16,2.4,No
16,3.4,No
16,3.61,No
16,NA,No
16,3.2,No
16,3.2,Yes
16,3.3,No
16,3.4,No
16,3.67,No
16,NA,No
16,3.25,No
16,3.9,No
16,NA,No
16,3.39,No
16,3.67,No
16,3.2,No
16,NA,No
16,3.25,No
16,3.67,No
16,3.4,No
16,3.2,No
16,NA,No
16,NA,No
17,2.5,Yes
17,3.58,No
17,2.79,Yes
17,3.6,No
17,NA,No
17,2.9,No
17,3.25,No
17,3.5,No
17,NA,No
17,3,No
17,3.65,NA
17,NA,No
17,3,No
17,3.2,No
17,3.71,No
17,3.5,No
17,NA,No
17,3.2,No
17,2.3,No
17,NA,Yes
17,NA,No
17,2.8,No
17,3.31,No
17,2.9,No
17,3.5,No
17,3.6,No
17,NA,No
17,3.3,No
17,3.51,No
17,3.5,No
17,3.29,No
17,NA,No
17,NA,No
17,3,No
17,3.36,No
17,NA,No
17,3.6,No
17,3.4,No
17,2.67,No
17,3.25,No
17,3.4,No
17,NA,Yes
17,NA,NA
17,NA,No
17,NA,No
17,3.1,No
17,3.12,No
17,NA,No
17,1.94,No
17,3.22,No
17,3.5,No
17,2.88,No
17,2,No
17,3.44,No
17,NA,No
17,NA,No
17,3.78,No
17,3.6,No
17,NA,No
17,3,No
17,3.4,Yes
17,3.25,No
17,3.5,Yes
17,3.3,No
17,NA,No
17,3.35,No
17,3.1,No
17,3.1,No
17,3.65,Yes
17,2.5,No
17,3.4,No
17,NA,No
17,3.15,No
17,3.25,No
17,3.1,No
17,NA,No
17,3.5,No
17,2.5,Yes
17,NA,Yes
17,3.25,No
17,NA,Yes
17,2.9,No
17,2.8,Yes
17,3.5,No
17,3.6,No
17,3.4,No
17,NA,No
17,2.9,Yes
17,3.8,No
17,3.3,Yes
17,3,Yes
17,3.3,No
17,NA,No
17,3.51,No
17,3.4,No
17,NA,No
17,3.85,No
17,3.1,No
17,NA,No
17,2.91,No
17,3.3,Yes
17,3.5,No
17,3.04,No
17,3.05,No
17,3,No
17,NA,No
17,NA,No
17,NA,No
17,3.75,No
17,3.4,Yes
17,3.1,No
17,NA,No
17,3.61,No
17,3.6,No
17,3.5,No
17,3.3,No
17,3.2,No
17,3.6,No
17,NA,No
17,2.63,No
17,3.18,No
17,3.23,Yes
17,3.59,No
17,3.41,No
17,2.87,No
17,NA,Yes
17,3.28,No
17,3.83,No
17,3.25,No
17,3.14,No
17,3.23,No
17,3,Yes
17,3.3,No
17,3.55,No
17,3.04,No
17,2.6,No
17,3.47,No
17,NA,No
17,NA,No
17,3.6,No
17,3.4,No
17,3.3,Yes
17,2.5,No
17,3,No
17,3,No
17,2.8,No
17,NA,No
17,3.1,Yes
17,2.5,Yes
17,NA,No
17,3,Yes
17,3,No
17,NA,No
17,3.6,No
17,3.9,No
17,NA,No
17,4,No
17,3.4,No
17,3.25,Yes
17,NA,Yes
17,3.75,No
17,3.4,No
17,NA,No
17,2.64,No
17,NA,No
17,2.8,No
17,3.6,No
17,3.5,Yes
17,3.21,Yes
17,2.8,No
17,NA,No
17,2.6,No
17,3.7,No
17,3.75,No
17,3.45,No
17,NA,No
17,3.13,No
17,3.8,Yes
17,3.32,No
17,NA,No
17,3.15,No
17,NA,No
17,NA,No
17,2.95,No
17,3.2,Yes
17,3.69,No
17,3.5,No
17,3.4,No
17,3.5,No
17,2.6,No
17,NA,No
17,NA,No
17,3.5,No
17,3.2,No
17,NA,No
17,NA,No
17,NA,No
17,3.26,No
17,NA,Yes
17,NA,No
17,3,No
17,3.8,No
17,NA,No
17,NA,No
17,3.44,No
17,3.1,No
17,3.25,No
17,NA,No
17,3.23,No
17,NA,No
17,3.67,Yes
17,3.5,No
17,2.8,No
17,NA,Yes
17,4,No
17,3.37,No
17,2.25,No
17,2.95,No
17,3.5,No
17,NA,No
17,3.3,Yes
17,NA,No
17,3.42,No
17,3.82,No
17,3.3,No
17,3.6,No
17,NA,No
17,2.9,No
17,3.6,No
17,3.1,No
17,NA,No
17,NA,No
17,NA,No
17,3.56,No
17,3.4,Yes
17,3.6,No
17,NA,No
17,3.28,No
17,3.76,No
17,3.6,No
17,3.3,No
17,3.5,No
17,3.75,No
17,NA,No
17,NA,No
17,NA,No
17,NA,No
17,3,No
17,3.34,No
17,NA,No
17,2.5,Yes
17,3.8,No
17,2.95,No
17,3,No
17,3.6,No
17,NA,No
17,3.3,Yes
17,NA,No
17,NA,No
17,3.94,No
17,NA,No
17,NA,No
17,NA,No
17,2.6,No
17,3.5,No
17,NA,No
17,NA,No
17,3.8,No
17,3.72,No
17,3.25,No
17,3.6,No
17,3.5,Yes
17,NA,No
17,3.89,No
17,2.7,No
17,3.5,Yes
17,NA,No
17,3.42,No
17,3.6,No
17,3,No
17,2.6,No
17,3.52,Yes
17,3.15,No
17,3.56,Yes
17,3.8,No
17,3.35,No
17,3,No
17,3,No
17,2.8,No
17,3.81,No
17,3.46,No
17,3.2,No
17,NA,No
17,NA,No
17,3,Yes
17,2.75,No
17,3,No
17,3.6,Yes
17,3.6,No
17,NA,No
17,NA,No
17,3.68,No
17,NA,No
17,3.38,NA
17,3.8,Yes
17,NA,No
17,3.5,No
17,3,No
17,3.5,No
17,NA,No
17,3.2,No
17,3.17,No
17,NA,No
17,1.89,Yes
17,3.4,Yes
17,NA,No
17,3.75,No
17,NA,No
17,3,No
17,3.3,No
17,3.97,No
17,NA,No
17,NA,No
17,3.4,No
17,2.9,No
17,3.11,No
17,3.67,No
17,NA,No
17,3.26,Yes
17,2.5,Yes
17,3.4,No
17,2.8,No
17,3.4,No
17,3.7,No
17,NA,No
17,3.75,Yes
17,3.53,No
17,3.1,Yes
17,NA,No
17,2.8,Yes
17,NA,No
17,3.8,No
17,3.8,No
17,2.75,No
17,NA,No
17,2.9,No
17,3.46,No
17,3.5,No
17,3.52,No
17,2.88,Yes
17,3.4,No
17,2.01,No
17,3.56,No
17,3.29,No
17,3.53,No
17,3.34,No
17,2.89,No
17,3.3,No
17,2.63,No
17,3.36,No
17,3,No
17,NA,No
17,3.85,No
17,3.5,No
17,3.4,Yes
17,3.5,No
17,2.8,No
17,3.5,No
17,3.6,No
17,NA,No
17,3.78,No
17,3.88,Yes
17,3.3,No
17,3,No
17,2.9,No
17,3.5,Yes
17,NA,No
17,2.32,No
17,NA,No
17,3.45,No
17,NA,Yes
17,3.3,No
17,3.82,No
17,3.49,No
17,2.9,No
17,NA,No
17,3.8,No
17,2.6,No
17,2.8,No
17,NA,No
17,2.66,Yes
17,3.8,No
17,3.13,No
17,2.7,No
17,3.4,No
17,NA,No
17,3.1,No
17,3.75,No
17,NA,No
17,3.51,Yes
17,NA,No
17,NA,No
17,3,No
17,3.27,No
17,NA,No
17,3.87,No
18,NA,No
18,3.2,No
18,NA,No
18,2.5,No
18,3.4,No
18,3.8,No
18,3.57,Yes
18,NA,No
18,3,No
18,3,No
18,3.56,No
18,3,No
18,3,Yes
18,3.18,No
18,3.15,No
18,3.3,No
18,2.5,No
18,3.55,No
18,3,No
18,3,No
18,4,No
18,2.92,No
18,3.5,No
18,3.5,No
18,3.1,No
18,3.8,No
18,3.5,Yes
18,3,No
18,3,Yes
18,NA,Yes
18,3.5,No
18,3.61,No
18,3,No
18,3.21,No
18,3.64,Yes
18,3.4,No
18,3.3,Yes
18,3.49,No
18,3,No
18,3.4,Yes
18,3.4,Yes
18,3.2,Yes
18,3.1,No
18,2.8,No
18,NA,No
18,NA,No
18,NA,No
18,3,Yes
18,NA,No
18,3,No
18,3.7,No
18,3,No
18,3.25,No
18,NA,No
18,2.5,Yes
18,3.7,Yes
18,3.78,No
18,3.12,No
18,3,No
18,2.9,No
18,3.6,No
18,3.56,No
18,3.2,No
18,3.3,Yes
18,3.25,No
18,NA,No
18,3.3,No
18,3.6,Yes
18,2.8,No
18,2.8,Yes
18,2.75,No
18,3,No
18,3.25,No
18,3.46,No
18,2.8,Yes
18,3,No
18,3.2,No
18,2.3,No
18,2.5,No
18,NA,NA
18,NA,No
18,3.6,No
18,3.15,No
18,3.5,No
18,3.66,No
18,3.6,Yes
18,NA,No
18,3,No
18,3.17,No
18,3.94,No
18,3.86,No
18,2.95,No
18,NA,No
18,3.67,No
18,3.17,No
18,3.6,No
18,NA,No
18,3.7,No
18,NA,No
18,3,No
18,3.78,No
18,3.4,No
18,NA,No
18,NA,No
18,3.67,No
18,3.7,No
18,3.2,No
18,3.3,No
18,3.7,No
18,3.58,NA
18,NA,No
18,3.91,No
18,3.56,No
18,3,NA
18,2.8,No
18,3.33,Yes
18,3.97,No
18,3.6,No
18,2.9,No
18,3,No
18,3,No
18,3.7,No
18,NA,No
18,NA,No
18,3.17,Yes
18,NA,No
18,3.7,No
18,4,No
18,NA,No
18,3.9,No
18,2.25,Yes
18,NA,No
18,3,Yes
18,NA,No
18,3.15,No
18,3.2,No
18,NA,No
18,3.75,No
18,3.49,No
18,NA,No
18,NA,No
18,NA,No
18,3.7,No
18,3.63,No
18,3.5,No
18,3.5,No
18,3,Yes
18,3.7,No
18,3.7,No
18,NA,NA
18,3.6,Yes
18,3.4,No
18,3.5,No
18,4.8,No
18,3.5,No
18,3.2,No
18,3.6,No
18,NA,No
18,NA,Yes
18,3,Yes
18,3,No
18,2.98,No
18,NA,No
18,3.94,No
18,3.55,No
18,2.6,No
18,3.52,No
18,3,No
18,3.5,Yes
18,3.2,Yes
18,3.4,No
18,3.6,Yes
18,3.7,No
18,2.94,No
18,NA,No
18,NA,No
18,2,No
18,NA,No
18,3.2,No
18,NA,No
18,3.5,No
18,3.7,No
18,NA,No
18,3.1,No
18,3,No
18,NA,No
18,3,No
18,3.4,No
18,3.2,No
18,NA,No
18,3.1,No
18,3.7,No
18,3.2,No
18,3.24,Yes
18,2.8,No
18,NA,NA
18,3.6,No
18,NA,No
18,NA,Yes
18,NA,No
18,12,No
18,3.5,No
18,NA,No
18,3.81,No
18,3.4,No
18,3.7,Yes
18,NA,No
18,3.7,No
18,3.6,No
18,3.7,No
18,2.83,No
18,2.67,Yes
18,3.88,No
18,3.02,Yes
18,3.5,No
18,3.83,Yes
18,2.7,No
18,3.5,Yes
18,3.3,No
18,3.8,No
18,3.5,No
18,3.3,No
18,3,No
18,3.78,No
18,3.3,No
18,3.3,NA
18,3.22,No
18,2.8,No
18,2.5,Yes
18,3.4,No
18,NA,No
18,NA,No
18,3.5,No
18,3.3,No
18,2.5,Yes
18,NA,NA
18,3,No
18,3.2,No
18,3.7,Yes
18,NA,Yes
18,3.5,No
18,3.6,No
18,NA,No
18,3.3,No
18,3.7,No
18,3,Yes
18,3.89,No
18,2.7,No
18,3.48,No
18,3.15,No
18,3.59,Yes
18,NA,No
18,NA,Yes
18,3.27,No
18,NA,NA
18,3.79,No
18,3.3,Yes
18,NA,No
18,NA,No
18,3.72,No
18,3.5,No
18,3.97,No
18,3,No
18,3,No
18,3.94,No
18,3.4,Yes
18,3.15,Yes
18,3.8,No
18,3.5,No
18,3.9,No
18,3.7,Yes
18,NA,No
18,3.8,No
18,3.5,No
18,3.5,No
18,3,No
18,3.5,No
18,NA,No
18,2.7,No
18,3.25,No
18,3.5,No
18,3.5,Yes
18,NA,No
18,NA,No
18,NA,Yes
18,3.3,No
18,3.3,No
18,2.47,Yes
18,2.97,No
18,3.4,No
18,3.5,No
18,2.5,No
18,NA,No
18,3.6,No
18,3.2,No
18,3.7,No
18,3.8,No
18,NA,No
18,2.74,Yes
18,NA,NA
18,NA,No
18,3.5,No
18,3.4,No
18,NA,No
18,NA,No
18,3,No
18,3.2,No
18,NA,No
18,3.3,Yes
18,2.9,No
18,3.33,No
18,NA,No
18,3.4,No
18,3.01,Yes
18,NA,No
18,3.4,Yes
18,3,No
18,3.53,No
18,NA,No
18,NA,No
18,3.7,No
18,3.2,No
18,3.8,Yes
18,1.9,No
18,3.1,No
18,3.4,No
18,3.7,No
18,3,No
18,NA,No
18,3.5,Yes
18,2.7,No
18,2,No
18,NA,No
18,NA,No
18,NA,No
18,3.23,No
18,NA,No
18,3.8,NA
18,3.7,No
18,NA,No
18,3.13,No
18,2.7,No
18,3.35,No
18,3.1,No
18,NA,No
18,2.9,No
18,3.3,Yes
18,3,No
18,2.9,Yes
18,3.43,No
18,3.9,No
18,NA,No
18,3.36,No
18,NA,No
18,3.4,No
18,3.33,No
18,3.6,No
18,3.64,No
18,3.3,No
18,3.5,No
18,3.7,No
18,3.8,No
18,3.7,No
18,3.1,Yes
18,NA,No
18,NA,NA
18,3.5,No
18,NA,Yes
18,3,No
18,3.85,No
18,3,No
18,3,No
18,3.45,No
18,3,No
18,3.94,NA
18,NA,No
18,3.15,No
18,3.6,No
18,2.3,No
18,3.2,No
18,NA,NA
18,1.8,Yes
18,NA,No
18,NA,No
18,NA,No
18,3.2,No
18,3.5,Yes
18,NA,No
18,3.7,No
18,3.3,No
18,3.2,No
18,3.78,No
18,3.3,No
19,3.3,No
19,3.5,No
19,3.5,No
19,2.7,Yes
19,3.75,No
19,NA,No
19,2,No
19,3.3,No
19,3.83,No
19,3.5,No
19,2.7,Yes
19,3.65,No
19,3,Yes
19,NA,No
19,NA,NA
19,3.21,Yes
19,3.5,No
19,3,No
19,3.56,No
19,3.4,No
19,NA,No
19,3.7,Yes
19,NA,No
19,3.3,No
19,3.55,Yes
19,3.58,No
19,2.8,No
19,3.5,Yes
19,NA,No
19,2.7,No
19,NA,No
19,3.56,No
19,3.3,Yes
19,3.3,Yes
19,NA,No
19,3,No
19,3.28,No
19,3.9,No
19,3.2,Yes
19,3,No
19,3,Yes
19,NA,No
19,3.9,No
19,NA,Yes
19,3.58,No
19,2.98,No
19,3.5,No
19,3.5,No
19,3.39,No
19,NA,No
19,NA,Yes
19,3.2,No
19,2.62,No
19,3.03,No
19,3,No
19,NA,No
19,2.8,Yes
19,2.5,No
19,3.8,No
19,3.1,No
19,NA,No
19,3.2,No
19,3.9,No
19,3.56,No
19,NA,No
19,NA,No
19,2.5,No
19,2.8,Yes
19,2.75,Yes
19,3.48,No
19,2.2,No
19,3,Yes
19,NA,No
19,NA,No
19,3.7,No
19,2.7,Yes
19,3.83,No
19,3,Yes
19,3.2,No
19,3.4,No
19,NA,Yes
19,3.65,No
19,3.6,No
19,3.6,No
19,2.5,No
19,3,No
19,3.75,No
19,3.5,Yes
19,NA,Yes
19,3.6,No
19,NA,No
19,NA,No
19,3.5,No
19,3.7,Yes
19,2.8,Yes
19,3.22,No
19,3.4,No
19,3.5,No
19,3.84,No
19,3.5,No
19,3.3,No
19,3.4,No
19,3.3,No
19,2.8,No
19,3.95,No
19,2.9,No
19,3.94,No
19,3.3,No
19,3,Yes
19,2.75,No
19,3.9,No
19,NA,No
19,3.75,No
19,3.7,No
19,NA,Yes
19,3,Yes
19,3.4,No
19,3,Yes
19,2.8,No
19,3.11,Yes
19,3.4,No
19,3.2,No
19,3.26,No
19,3.4,Yes
19,2.65,No
19,3,No
19,NA,No
19,2.9,No
19,2.9,No
19,NA,No
19,NA,No
19,NA,No
19,3,No
19,3.3,No
19,3.41,No
19,3.51,No
19,NA,No
19,2.82,No
19,NA,No
19,2.65,No
19,NA,No
19,NA,No
19,3.5,No
19,3.7,No
19,3.25,No
19,3.36,Yes
19,2.8,Yes
19,3.4,No
19,3,Yes
19,3.4,No
19,3.25,No
19,2.96,No
19,2.6,No
19,NA,No
19,3,No
19,3.4,No
19,3.44,Yes
19,3.2,No
19,NA,No
19,NA,No
19,NA,No
19,3.1,No
19,3.1,No
19,3.4,No
19,3.54,Yes
19,3.94,No
19,3.12,Yes
19,3.89,No
19,3.3,No
19,2.75,Yes
19,NA,No
19,3.1,No
19,3.6,No
19,3.5,No
19,NA,No
19,3.72,Yes
19,3.1,No
19,3.46,Yes
19,NA,No
19,3.8,No
19,3.32,No
19,2.8,No
19,NA,No
19,2.95,No
19,2.8,No
19,3.78,No
19,3.17,No
19,3.25,No
19,3.5,No
19,NA,No
19,3.5,No
19,NA,NA
19,NA,No
19,3.4,No
19,3.3,No
19,3.82,No
19,3.5,No
19,3.6,No
19,3.5,No
19,3.2,No
19,3.4,No
19,3.6,No
19,2.8,No
19,3.2,Yes
19,3.13,Yes
19,4,No
19,2.9,No
19,NA,No
19,2.7,No
19,2.9,No
19,3.2,No
19,3.42,Yes
19,NA,Yes
19,3.5,No
19,3.45,No
19,3.31,Yes
19,3.7,Yes
19,3.8,No
19,3.2,No
19,3.63,No
19,3.75,No
19,3.68,Yes
19,3.5,No
19,3,No
19,3.5,No
19,3.5,Yes
19,3.34,Yes
19,NA,No
19,2.9,No
19,3.67,Yes
19,3.7,No
19,NA,No
19,3.3,No
19,3.6,No
19,3,Yes
19,NA,Yes
19,NA,No
19,NA,No
19,3,No
19,2.5,Yes
19,3.86,No
19,3.4,No
19,2.9,No
19,NA,No
19,NA,No
19,3.06,Yes
19,NA,Yes
19,2.25,No
19,3.2,No
19,NA,No
19,3.01,No
19,3.5,Yes
19,3,No
19,2.84,No
19,3,No
19,NA,No
19,3.5,Yes
19,NA,No
19,3.78,No
19,NA,No
19,2.5,Yes
19,3.5,No
19,3.3,No
19,3.1,No
19,NA,No
19,NA,No
19,3.75,No
19,NA,Yes
19,3.04,No
19,1.8,No
19,3.01,No
19,3.76,No
19,3.25,No
19,3.6,No
19,3,Yes
19,NA,No
19,3.45,No
19,3.7,No
19,3.6,No
19,NA,No
19,3,Yes
19,3.72,No
19,3.7,Yes
19,3.87,No
19,3.2,No
19,3,No
19,NA,No
19,3.6,Yes
19,3.5,No
19,3.1,No
19,2.92,Yes
19,NA,No
19,3.1,No
19,NA,No
19,3.75,No
19,3.2,Yes
19,3.4,No
19,3.6,No
19,3.1,No
19,3.3,Yes
19,3.74,No
19,2.5,No
19,NA,Yes
19,3.07,No
19,2.3,No
19,NA,No
19,3.11,No
19,NA,No
19,2.5,Yes
19,3.8,No
19,3.4,No
19,3.2,No
19,3.44,Yes
19,3.75,No
19,3.9,No
19,NA,No
19,3.89,No
19,3.5,No
19,NA,No
19,3.6,Yes
19,3.8,No
19,NA,No
19,NA,No
19,NA,No
19,3.4,Yes
19,NA,No
19,3.2,No
19,3.53,No
19,NA,No
19,3.1,No
19,3.1,No
19,2.9,No
19,3.7,No
19,3.81,No
19,3.3,No
19,2.8,No
19,3.3,Yes
19,NA,No
19,2.11,No
19,3.3,Yes
19,NA,No
19,3.8,No
19,3.2,No
19,NA,No
19,2.9,No
19,3.35,No
19,3.6,No
19,3.08,No
19,2.4,No
19,NA,No
19,NA,No
19,2.8,No
19,3,No
19,3,No
19,NA,No
19,3.32,Yes
19,3.2,No
19,3.36,No
19,3.6,No
19,NA,No
19,NA,No
19,3.6,No
19,3.24,No
19,3,Yes
19,3.1,No
19,3.29,No
19,NA,No
19,3.55,No
19,3.43,No
19,2.75,No
19,3,No
19,NA,Yes
19,3.1,No
19,3.8,No
19,3.44,No
19,3.2,No
19,3,No
19,3.3,No
19,2.68,No
19,3.6,No
19,3,No
19,3,No
19,3.64,No
19,3.5,No
19,3.5,No
19,3.39,No
19,3.44,No
19,3.82,No
19,3.7,No
19,3.75,No
19,3.05,No
19,1.5,No
19,3.6,No
19,3.66,No
19,3.3,No
19,NA,No
19,NA,No
19,3.93,No
19,NA,No
19,NA,No
19,3.3,No
19,3.3,No
19,3.2,No
19,3.5,No
19,3.8,No
19,3.6,No
19,2.99,No
19,3.4,No
19,3.4,No
19,3.53,Yes
19,3.5,No
19,3,No
19,3.2,No
19,NA,No
19,3.96,No
19,3.86,No
19,3.44,No
19,3.9,No
19,NA,No
19,NA,Yes
19,2.8,Yes
19,3.66,No
19,3.5,No
19,3.75,No
19,3.3,No
19,3.22,No
19,3.06,No
20,3.96,No
20,3.82,No
20,NA,No
20,NA,No
20,3.63,No
20,3.2,No
20,NA,Yes
20,3.5,No
20,3.05,No
20,3.6,Yes
20,3,No
20,3,No
20,3.56,Yes
20,3.49,No
20,3.02,No
20,2.8,No
20,3.4,No
20,3.4,No
20,3.1,No
20,3.5,No
20,NA,No
20,1.2,No
20,NA,No
20,2.8,No
20,3.5,No
20,3.3,No
20,3.25,Yes
20,3.1,No
20,3.9,Yes
20,NA,No
20,3.1,No
20,3.2,No
20,3.36,Yes
20,2.6,Yes
20,3.4,No
20,NA,Yes
20,3.63,No
20,3.5,No
20,3.3,No
20,2.7,No
20,NA,No
20,3.4,No
20,2.4,No
20,3,No
20,3.9,No
20,NA,No
20,3.5,No
20,NA,No
20,NA,No
20,3,No
20,3,Yes
20,3.75,Yes
20,3.9,No
20,NA,No
20,NA,No
20,2.6,No
20,2.9,No
20,3.7,No
20,3.3,Yes
20,3.66,No
20,NA,No
20,NA,No
20,NA,No
20,2,Yes
20,3.17,No
20,3.5,Yes
20,3,No
20,NA,No
20,2.89,No
20,3.29,Yes
20,3.9,No
20,NA,No
20,3.58,No
20,NA,Yes
20,3.11,No
20,3.7,Yes
20,3.4,No
20,3.11,Yes
20,2.5,No
20,3,No
20,NA,No
20,3.3,No
20,3.8,No
20,NA,No
20,2.6,Yes
20,3.33,NA
20,3,No
20,2.75,No
20,NA,No
20,3.29,No
20,3,No
20,3.1,No
20,3.1,No
20,3,Yes
20,3.65,No
20,NA,Yes
20,NA,No
20,3.36,No
20,NA,No
20,3.4,No
20,3.1,No
20,3.14,No
20,2.6,No
20,2.7,No
20,3.2,Yes
20,2.85,No
20,NA,No
20,NA,No
20,3.69,No
20,3.45,No
20,3.56,Yes
20,3.5,No
20,3.4,No
20,NA,No
20,NA,No
20,3.67,No
20,2.6,No
20,3.4,No
20,NA,Yes
20,NA,No
20,NA,No
20,3.25,No
20,3.2,No
20,2.72,No
20,3.67,Yes
20,3.45,No
20,3.6,No
20,3.4,No
20,3.25,No
20,2,Yes
20,3,No
20,3.33,No
20,2.78,No
20,3.8,No
20,3,No
20,NA,No
20,3.1,Yes
20,3.56,Yes
20,3.8,No
20,3,No
20,NA,No
20,3.4,No
20,3,No
20,2.9,Yes
20,3.1,NA
20,2.9,No
20,NA,No
20,NA,No
20,3.25,No
20,3.3,No
20,NA,No
20,3,No
20,3.5,No
20,2.2,No
20,3.3,No
20,3,No
20,NA,No
20,3.4,No
20,3.5,No
20,NA,No
20,3.2,No
20,2.18,No
20,NA,Yes
20,3.7,No
20,3.2,No
20,3,No
20,2.9,No
20,3.35,No
20,3.8,No
20,NA,No
20,NA,No
20,2.5,No
20,NA,No
20,3,No
20,NA,No
20,3,No
20,3.8,No
20,3.28,No
20,3.4,No
20,NA,No
20,2,Yes
20,3.17,Yes
20,3.2,No
20,3.2,No
20,3.1,No
20,3.3,No
20,2.8,No
20,3,No
20,3.6,No
20,3.8,No
20,NA,No
20,NA,No
20,3.36,No
20,2.98,No
20,NA,No
20,2.75,No
20,NA,No
20,NA,No
20,2.7,Yes
20,2.7,No
20,NA,No
20,NA,No
20,1.2,No
20,NA,Yes
20,3.86,No
20,3.4,Yes
20,3.77,Yes
20,2,Yes
20,2.99,No
20,3.7,No
20,3.5,Yes
20,3.4,No
20,NA,No
20,NA,No
20,3.5,No
20,3.44,No
20,NA,No
20,2.75,No
20,NA,Yes
20,3.69,No
20,3.89,No
20,NA,No
20,NA,No
20,3.6,No
20,3.2,No
20,3.1,Yes
20,3.14,No
20,3.9,No
20,3.3,No
20,3.52,No
20,4,No
20,3.55,No
20,NA,No
20,3.8,No
20,3.3,Yes
20,NA,No
20,NA,No
20,2.2,No
20,NA,No
20,3,Yes
20,3.4,No
20,3.7,No
20,NA,No
20,3.7,No
20,NA,No
20,3,No
20,3.83,No
20,2.25,No
20,2.8,No
20,3,No
20,3.9,No
20,3.87,No
20,3.3,No
20,3.3,No
20,3.91,No
20,3.4,No
20,3.08,No
20,3.3,No
20,3,No
20,3,No
20,2,Yes
20,3.5,No
20,3.49,No
20,NA,No
20,NA,Yes
20,3,No
20,NA,No
20,2.8,Yes
20,3.4,No
20,3.3,No
20,3.16,No
20,3.11,No
20,NA,No
20,3.8,No
20,3.72,No
20,3,No
20,3.77,Yes
20,NA,No
20,3.5,Yes
20,2.4,No
20,3.3,No
20,NA,No
20,3.6,Yes
20,2.5,No
20,3.7,No
20,NA,No
20,3.65,No
20,3.3,No
20,3.28,No
20,NA,No
20,3,NA
20,NA,Yes
20,3.2,No
20,3.3,No
20,2.96,No
20,3.2,Yes
20,3.6,No
20,3.4,No
20,3.73,No
20,3.2,No
20,3.72,Yes
20,3.1,No
20,3.02,No
20,2.8,No
20,3.55,No
20,2.1,No
20,3.1,No
20,3.56,No
20,3.2,No
20,3.3,No
20,NA,No
20,3.12,NA
20,NA,No
20,2.2,No
20,3.8,No
20,3.4,No
20,3,No
20,NA,No
20,3,No
20,2.7,No
20,NA,No
20,3.19,No
20,3.6,Yes
20,3.5,No
20,NA,No
20,3.23,No
20,3.6,No
20,3.2,No
20,3.43,No
20,NA,Yes
20,3.6,No
20,3.7,No
20,NA,Yes
20,3.5,No
20,3.6,No
20,3.5,No
20,NA,No
20,2.75,No
21,NA,No
21,3.5,No
21,3.65,No
21,3.1,No
21,3.88,No
21,3.51,No
21,3.5,No
21,3.5,No
21,3.1,No
21,3.1,No
21,3.6,Yes
21,2.97,No
21,3.3,No
21,3.8,No
21,3.8,No
21,NA,No
21,3,No
21,3.1,No
21,NA,No
21,3.1,No
21,3.1,No
21,3.56,No
21,3.5,No
21,3.72,No
21,3.3,Yes
21,3.4,Yes
21,NA,No
21,2.6,No
21,NA,No
21,3.41,No
21,3.65,No
21,NA,No
21,NA,No
21,3.48,Yes
21,NA,No
21,NA,No
21,NA,No
21,NA,No
21,NA,No
21,NA,No
21,3.86,No
21,2.9,Yes
21,3.4,No
21,3.74,No
21,3.9,No
21,NA,No
21,2.98,No
21,NA,No
21,3.69,No
21,3.62,No
21,3.55,No
21,NA,No
21,NA,No
21,3.1,No
21,3.4,Yes
21,3.44,Yes
21,2.41,No
21,3.79,No
21,3.5,Yes
21,3.4,No
21,3.2,No
21,4,No
21,2.9,Yes
21,3.9,No
21,3.4,No
21,3.97,No
21,NA,No
21,NA,Yes
21,3.56,No
21,NA,No
21,3.2,No
21,3.5,No
21,2.8,No
21,NA,No
21,3.6,No
21,3.1,Yes
21,3.7,No
21,3.4,No
21,3.14,Yes
21,3.25,Yes
21,3.8,Yes
21,NA,No
21,NA,No
21,3.1,No
21,3.17,No
21,3,No
21,3.25,No
21,3.5,No
21,3.74,No
21,2,No
21,3.89,No
21,NA,No
21,3.75,No
21,3.82,No
21,3.56,No
21,3.56,No
21,2.5,No
21,4,Yes
21,3,No
21,NA,No
21,NA,No
21,3.5,Yes
21,NA,No
21,3.19,No
21,3.8,No
21,NA,No
21,NA,No
21,NA,No
21,3.1,No
21,NA,No
21,3.18,Yes
21,NA,No
21,3,Yes
21,3.7,No
21,1.9,Yes
21,3.2,No
21,3,No
21,3.92,No
21,2.75,No
21,3,No
21,NA,No
21,3.85,No
21,NA,No
21,2.5,Yes
21,3,No
21,NA,No
21,3,No
21,3.72,Yes
21,NA,No
21,NA,No
21,NA,Yes
21,3.2,No
21,3.5,No
21,3.85,No
21,2.7,No
21,3.2,Yes
21,NA,Yes
21,3.2,No
21,3.9,No
21,3.3,No
21,NA,No
21,3.68,No
21,NA,No
21,4,Yes
21,3.48,No
21,3.5,No
21,3,No
21,NA,No
21,NA,No
21,3.8,No
21,NA,No
21,3.5,No
21,3.9,No
21,NA,No
21,NA,No
21,3.12,No
21,NA,No
21,3.9,No
21,NA,No
21,3.87,No
21,3,No
21,3.58,No
21,3.1,No
21,3.7,No
21,3.6,No
21,3.5,No
21,3.3,No
21,3.9,No
21,3.75,Yes
21,3.2,No
21,3.7,Yes
21,NA,No
21,3.89,Yes
21,NA,No
21,NA,Yes
21,NA,No
21,3.73,No
21,3.6,No
21,NA,No
21,3.7,No
21,3.75,No
21,NA,No
21,NA,No
21,NA,No
21,NA,Yes
21,3,No
21,NA,Yes
21,3.7,No
21,NA,No
21,NA,No
21,3.61,No
21,3.3,No
21,NA,No
21,3.2,No
21,3.1,No
21,3.6,No
21,3.5,Yes
21,2.7,No
21,3.4,No
21,3,No
21,3.1,Yes
21,3.5,No
21,4,No
21,3.8,No
21,3.08,No
21,3.94,No
21,3.89,Yes
21,NA,No
21,3,No
21,3.7,No
21,3.3,Yes
21,3.62,No
21,3.5,Yes
21,3.1,NA
21,NA,Yes
21,3.2,No
21,NA,No
21,3.7,No
21,2.8,No
21,2.6,No
21,NA,Yes
21,3.7,No
21,3.3,No
21,3.59,No
21,3.51,No
21,NA,No
21,3.14,No
21,3.1,Yes
21,3,No
21,NA,No
21,3.3,Yes
21,2.7,NA
21,3.11,No
21,3.3,No
21,3.25,Yes
21,3.47,No
21,2.7,No
21,3.9,No
21,NA,Yes
21,3,Yes
21,3,No
21,2.03,No
21,3.03,Yes
21,3.2,No
21,3.3,No
21,3,Yes
21,3.4,No
21,3,No
21,NA,Yes
21,NA,No
21,NA,No
21,NA,Yes
21,2.75,No
21,NA,Yes
21,NA,No
21,3.8,No
21,3.7,No
21,NA,No
21,3.58,No
21,NA,No
21,3.1,No
21,NA,No
21,2.7,No
21,NA,Yes
21,NA,No
21,3.3,No
21,3.9,No
21,3.1,No
21,3,No
21,3.5,Yes
21,NA,Yes
21,3.5,No
21,3.72,No
21,NA,No
21,NA,Yes
21,3,No
21,2.4,No
21,2.6,No
21,3.71,Yes
21,3.83,No
21,3.72,Yes
21,3,No
21,3.7,No
21,2.9,No
21,NA,No
21,NA,Yes
21,NA,No
21,3.3,No
21,3,Yes
21,3.3,No
21,3.9,No
21,3.47,Yes
21,3.4,No
21,3.6,Yes
21,2.7,Yes
21,3.4,No
21,3.83,No
21,NA,No
21,3.6,No
21,3.1,No
21,NA,No
21,3.56,Yes
21,3.2,No
21,NA,No
21,NA,No
21,3.78,No
21,3.2,No
21,3.6,No
21,3.5,Yes
21,NA,No
21,3,No
21,3.93,No
21,NA,No
21,3.2,No
21,3.6,No
21,3.3,No
21,3.67,No
21,3.3,No
21,NA,No
21,3.2,No
21,NA,No
21,NA,No
21,3.5,No
21,3,Yes
21,3.2,No
21,3.6,No
21,NA,Yes
21,2.8,No
21,3.86,No
21,3.8,Yes
21,3.2,Yes
21,3,No
21,3.3,No
21,NA,No
21,2.9,No
21,NA,No
21,3.25,No
21,3.8,Yes
21,3.4,Yes
21,3.14,No
21,3.5,No
21,3.5,No
21,3.6,No
21,NA,No
21,3.57,No
21,3.02,No
21,3.3,Yes
21,3.5,No
21,3.43,No
21,3,Yes
21,2.9,No
21,3,NA
21,3.8,No
21,3.7,No
21,NA,No
21,NA,No
21,3.57,No
21,3.71,No
21,NA,Yes
21,NA,NA
21,3,Yes
21,3.85,No
21,NA,No
21,NA,Yes
21,3.4,No
21,3.75,No
21,3.94,No
21,3.4,No
21,NA,No
21,3.6,No
21,3.4,Yes
21,3,No
21,NA,No
21,NA,No
21,4,No
